ISO-10303-21;
HEADER;
FILE_DESCRIPTION (( 'STEP AP214' ),
    '1' );
FILE_NAME ('Base_link.STEP',
    '2026-07-17T02:32:41',
    ( '' ),
    ( '' ),
    'SwSTEP 2.0',
    'SolidWorks 2025',
    '' );
FILE_SCHEMA (( 'AUTOMOTIVE_DESIGN' ));
ENDSEC;

DATA;
#1 = DIRECTION ( 'NONE',  ( -0.000000000000000000, -0.000000000000000000, -1.000000000000000000 ) ) ;
#2 = EDGE_CURVE ( 'NONE', #1518, #1666, #296, .T. ) ;
#3 = ORIENTED_EDGE ( 'NONE', *, *, #917, .F. ) ;
#4 = CARTESIAN_POINT ( 'NONE',  ( 0.000000000000000000, 0.000000000000000000, 10.00000000000000000 ) ) ;
#5 = CARTESIAN_POINT ( 'NONE',  ( 30.00000000000000000, -30.75000000000000355, -55.49999999999989342 ) ) ;
#6 = EDGE_CURVE ( 'NONE', #1012, #253, #554, .T. ) ;
#7 = PRODUCT_DEFINITION_SHAPE ( 'NONE', 'NONE',  #230 ) ;
#8 = EDGE_CURVE ( 'NONE', #706, #670, #1596, .T. ) ;
#9 = ORIENTED_EDGE ( 'NONE', *, *, #1202, .T. ) ;
#10 = DIRECTION ( 'NONE',  ( -1.000000000000000000, -0.000000000000000000, -0.000000000000000000 ) ) ;
#11 = FACE_OUTER_BOUND ( 'NONE', #1110, .T. ) ;
#12 = DIRECTION ( 'NONE',  ( 0.000000000000000000, 0.000000000000000000, 1.000000000000000000 ) ) ;
#13 = DIRECTION ( 'NONE',  ( 1.000000000000000000, 1.734723475976813997E-16, -0.000000000000000000 ) ) ;
#14 = VERTEX_POINT ( 'NONE', #1190 ) ;
#15 = AXIS2_PLACEMENT_3D ( 'NONE', #372, #1417, #1145 ) ;
#16 = AXIS2_PLACEMENT_3D ( 'NONE', #1352, #210, #827 ) ;
#17 = DIRECTION ( 'NONE',  ( 0.000000000000000000, 0.000000000000000000, 1.000000000000000000 ) ) ;
#18 = CARTESIAN_POINT ( 'NONE',  ( 79.99999999999998579, 0.000000000000000000, 10.00000000000000000 ) ) ;
#19 =( GEOMETRIC_REPRESENTATION_CONTEXT ( 3 ) GLOBAL_UNCERTAINTY_ASSIGNED_CONTEXT ( ( #753 ) ) GLOBAL_UNIT_ASSIGNED_CONTEXT ( ( #306, #316, #864 ) ) REPRESENTATION_CONTEXT ( 'NONE', 'WORKASPACE' ) );
#20 = AXIS2_PLACEMENT_3D ( 'NONE', #1089, #1071, #686 ) ;
#21 = DIRECTION ( 'NONE',  ( 1.000000000000000000, 1.734723475976813997E-16, -0.000000000000000000 ) ) ;
#22 = EDGE_CURVE ( 'NONE', #14, #966, #429, .T. ) ;
#23 = FACE_OUTER_BOUND ( 'NONE', #552, .T. ) ;
#24 = PRODUCT_DEFINITION_FORMATION_WITH_SPECIFIED_SOURCE ( 'ANY', '', #1567, .NOT_KNOWN. ) ;
#25 = VERTEX_POINT ( 'NONE', #683 ) ;
#26 = FACE_OUTER_BOUND ( 'NONE', #145, .T. ) ;
#27 = ORIENTED_EDGE ( 'NONE', *, *, #293, .T. ) ;
#28 = CARTESIAN_POINT ( 'NONE',  ( 19.99999999999999645, -29.50000000000000711, -24.49999999999989342 ) ) ;
#29 = CARTESIAN_POINT ( 'NONE',  ( 0.000000000000000000, 0.000000000000000000, 0.000000000000000000 ) ) ;
#30 = ADVANCED_FACE ( 'NONE', ( #790 ), #1328, .T. ) ;
#31 = ORIENTED_EDGE ( 'NONE', *, *, #1326, .T. ) ;
#32 = DIRECTION ( 'NONE',  ( -0.000000000000000000, -0.000000000000000000, -1.000000000000000000 ) ) ;
#33 = VERTEX_POINT ( 'NONE', #923 ) ;
#34 = CARTESIAN_POINT ( 'NONE',  ( 0.000000000000000000, 0.000000000000000000, 0.000000000000000000 ) ) ;
#35 = EDGE_LOOP ( 'NONE', ( #283, #226, #1073, #640 ) ) ;
#36 = CARTESIAN_POINT ( 'NONE',  ( 39.99999999999999289, 190.0000000000000000, 0.000000000000000000 ) ) ;
#37 = ORIENTED_EDGE ( 'NONE', *, *, #1433, .F. ) ;
#38 = DIRECTION ( 'NONE',  ( -1.000000000000000000, 0.000000000000000000, 0.000000000000000000 ) ) ;
#39 = ORIENTED_EDGE ( 'NONE', *, *, #1501, .F. ) ;
#40 = DIRECTION ( 'NONE',  ( 2.973811673103098158E-16, -1.000000000000000000, 0.000000000000000000 ) ) ;
#41 = AXIS2_PLACEMENT_3D ( 'NONE', #723, #341, #300 ) ;
#42 = ORIENTED_EDGE ( 'NONE', *, *, #477, .T. ) ;
#43 = DIRECTION ( 'NONE',  ( 1.000000000000000000, 0.000000000000000000, 0.000000000000000000 ) ) ;
#44 = VECTOR ( 'NONE', #1371, 1000.000000000000000 ) ;
#45 = CARTESIAN_POINT ( 'NONE',  ( 79.99999999999995737, 200.0000000000000000, 10.00000000000000000 ) ) ;
#46 = CIRCLE ( 'NONE', #206, 1.250000000000001110 ) ;
#47 = ORIENTED_EDGE ( 'NONE', *, *, #469, .T. ) ;
#48 = SHAPE_REPRESENTATION ( 'Base_base', ( #1322 ), #1523 ) ;
#49 = ORIENTED_EDGE ( 'NONE', *, *, #1026, .F. ) ;
#50 = FACE_OUTER_BOUND ( 'NONE', #1498, .T. ) ;
#51 = EDGE_CURVE ( 'NONE', #1167, #1575, #361, .T. ) ;
#52 = FACE_OUTER_BOUND ( 'NONE', #892, .T. ) ;
#53 = ORIENTED_EDGE ( 'NONE', *, *, #898, .F. ) ;
#54 = CARTESIAN_POINT ( 'NONE',  ( 20.00000000000000355, -99.99999999999998579, -80.00000000000000000 ) ) ;
#55 = ADVANCED_FACE ( 'NONE', ( #1346 ), #1058, .F. ) ;
#56 = CARTESIAN_POINT ( 'NONE',  ( 30.00000000000000000, 200.0000000000000000, 0.000000000000000000 ) ) ;
#57 = EDGE_CURVE ( 'NONE', #25, #984, #1344, .T. ) ;
#58 = DIRECTION ( 'NONE',  ( -1.261617073437677752E-16, 1.000000000000000000, -0.000000000000000000 ) ) ;
#59 = ORIENTED_EDGE ( 'NONE', *, *, #1106, .T. ) ;
#60 = DIRECTION ( 'NONE',  ( 1.000000000000000000, 1.982541115402066589E-16, -0.000000000000000000 ) ) ;
#61 = EDGE_LOOP ( 'NONE', ( #281, #39, #1583, #167 ) ) ;
#62 = DIRECTION ( 'NONE',  ( 1.000000000000000000, 1.734723475976813997E-16, -0.000000000000000000 ) ) ;
#63 = SHAPE_REPRESENTATION_RELATIONSHIP ( 'NONE' , 'NONE' ,  #733, #530 ) ;
#64 = CARTESIAN_POINT ( 'NONE',  ( 20.00000000000000355, -61.75000000000000711, -24.50000000000000000 ) ) ;
#65 = CARTESIAN_POINT ( 'NONE',  ( 0.000000000000000000, 0.000000000000000000, 10.00000000000000000 ) ) ;
#66 = APPLICATION_CONTEXT ( 'automotive_design' ) ;
#67 = CARTESIAN_POINT ( 'NONE',  ( 50.00000000000000711, -99.99999999999998579, -80.00000000000000000 ) ) ;
#68 = VERTEX_POINT ( 'NONE', #560 ) ;
#69 = CARTESIAN_POINT ( 'NONE',  ( 0.000000000000000000, 0.000000000000000000, 10.00000000000000000 ) ) ;
#70 = VECTOR ( 'NONE', #481, 1000.000000000000000 ) ;
#71 = CARTESIAN_POINT ( 'NONE',  ( 39.99999999999997868, 55.00000000000000000, 0.000000000000000000 ) ) ;
#72 = AXIS2_PLACEMENT_3D ( 'NONE', #531, #1449, #674 ) ;
#73 = EDGE_CURVE ( 'NONE', #1240, #1255, #407, .T. ) ;
#74 = CARTESIAN_POINT ( 'NONE',  ( 0.000000000000000000, 0.000000000000000000, 0.000000000000000000 ) ) ;
#75 = LINE ( 'NONE', #1635, #231 ) ;
#76 = CIRCLE ( 'NONE', #1018, 9.999999999999987566 ) ;
#77 = ORIENTED_EDGE ( 'NONE', *, *, #675, .T. ) ;
#78 = EDGE_CURVE ( 'NONE', #852, #424, #250, .T. ) ;
#79 = CARTESIAN_POINT ( 'NONE',  ( 70.00000000000000000, 110.0000000000000142, 10.00000000000000000 ) ) ;
#80 = CYLINDRICAL_SURFACE ( 'NONE', #817, 10.99999999999999289 ) ;
#81 = EDGE_LOOP ( 'NONE', ( #1505, #493 ) ) ;
#82 = FACE_OUTER_BOUND ( 'NONE', #442, .T. ) ;
#83 = FACE_BOUND ( 'NONE', #572, .T. ) ;
#84 = DIRECTION ( 'NONE',  ( 0.000000000000000000, 0.000000000000000000, 1.000000000000000000 ) ) ;
#85 = DIRECTION ( 'NONE',  ( -0.000000000000000000, -0.000000000000000000, -1.000000000000000000 ) ) ;
#86 = ORIENTED_EDGE ( 'NONE', *, *, #1350, .T. ) ;
#87 = CARTESIAN_POINT ( 'NONE',  ( 30.00000000000000711, -60.50000000000000711, -24.50000000000000000 ) ) ;
#88 = SURFACE_SIDE_STYLE ('',( #1109 ) ) ;
#89 = EDGE_LOOP ( 'NONE', ( #621, #689, #699, #745 ) ) ;
#90 = PRODUCT_RELATED_PRODUCT_CATEGORY ( 'part', '', ( #1567 ) ) ;
#91 = CARTESIAN_POINT ( 'NONE',  ( 20.00000000000000711, -10.00000000000000178, 0.000000000000000000 ) ) ;
#92 = PRODUCT_CONTEXT ( 'NONE', #149, 'mechanical' ) ;
#93 = ORIENTED_EDGE ( 'NONE', *, *, #1005, .F. ) ;
#94 =( LENGTH_UNIT ( ) NAMED_UNIT ( * ) SI_UNIT ( .MILLI., .METRE. ) );
#95 = CARTESIAN_POINT ( 'NONE',  ( 20.00000000000000355, -60.50000000000000711, -24.50000000000000000 ) ) ;
#96 = CARTESIAN_POINT ( 'NONE',  ( 20.00000000000000355, -99.99999999999998579, -80.00000000000000000 ) ) ;
#97 = SHAPE_DEFINITION_REPRESENTATION ( #1457, #772 ) ;
#98 = VECTOR ( 'NONE', #58, 1000.000000000000000 ) ;
#99 = VECTOR ( 'NONE', #1610, 1000.000000000000000 ) ;
#100 = EDGE_LOOP ( 'NONE', ( #31, #1466 ) ) ;
#101 = DIRECTION ( 'NONE',  ( 0.000000000000000000, 1.000000000000000000, 0.000000000000000000 ) ) ;
#102 = AXIS2_PLACEMENT_3D ( 'NONE', #403, #927, #273 ) ;
#103 = ORIENTED_EDGE ( 'NONE', *, *, #223, .F. ) ;
#104 = DIRECTION ( 'NONE',  ( -1.000000000000000000, -1.261617073437677999E-16, 0.000000000000000000 ) ) ;
#105 = EDGE_CURVE ( 'NONE', #534, #1229, #942, .T. ) ;
#106 = AXIS2_PLACEMENT_3D ( 'NONE', #913, #420, #888 ) ;
#107 = LINE ( 'NONE', #1408, #958 ) ;
#108 = APPLICATION_PROTOCOL_DEFINITION ( 'draft international standard', 'automotive_design', 1998, #149 ) ;
#109 = CIRCLE ( 'NONE', #1273, 2.500000000000002220 ) ;
#110 = ORIENTED_EDGE ( 'NONE', *, *, #22, .F. ) ;
#111 = PLANE ( 'NONE',  #604 ) ;
#112 = ORIENTED_EDGE ( 'NONE', *, *, #846, .F. ) ;
#113 = LINE ( 'NONE', #1658, #877 ) ;
#114 = EDGE_CURVE ( 'NONE', #935, #509, #1517, .T. ) ;
#115 = ORIENTED_EDGE ( 'NONE', *, *, #437, .T. ) ;
#116 = UNCERTAINTY_MEASURE_WITH_UNIT (LENGTH_MEASURE( 1.000000000000000082E-05 ), #94, 'distance_accuracy_value', 'NONE');
#117 = LINE ( 'NONE', #357, #1013 ) ;
#118 = ORIENTED_EDGE ( 'NONE', *, *, #1404, .T. ) ;
#119 = PLANE ( 'NONE',  #1347 ) ;
#120 = SURFACE_SIDE_STYLE ('',( #456 ) ) ;
#121 = CIRCLE ( 'NONE', #929, 11.00000000000000355 ) ;
#122 = EDGE_CURVE ( 'NONE', #1186, #1289, #694, .T. ) ;
#123 = ORIENTED_EDGE ( 'NONE', *, *, #366, .T. ) ;
#124 = AXIS2_PLACEMENT_3D ( 'NONE', #142, #1066, #657 ) ;
#125 = EDGE_CURVE ( 'NONE', #394, #1165, #264, .T. ) ;
#126 = DIRECTION ( 'NONE',  ( 1.000000000000000000, 8.673617379884033007E-17, 0.000000000000000000 ) ) ;
#127 = ORIENTED_EDGE ( 'NONE', *, *, #1231, .F. ) ;
#128 = PLANE ( 'NONE',  #501 ) ;
#129 = VECTOR ( 'NONE', #799, 1000.000000000000000 ) ;
#130 = ADVANCED_FACE ( 'NONE', ( #1450 ), #1320, .T. ) ;
#131 = ORIENTED_EDGE ( 'NONE', *, *, #654, .F. ) ;
#132 = LINE ( 'NONE', #641, #1631 ) ;
#133 = ORIENTED_EDGE ( 'NONE', *, *, #665, .T. ) ;
#134 = DIRECTION ( 'NONE',  ( -0.000000000000000000, -0.000000000000000000, -1.000000000000000000 ) ) ;
#135 = CARTESIAN_POINT ( 'NONE',  ( 20.00000000000000355, -42.50000000000000000, -40.00000000000000000 ) ) ;
#136 = ADVANCED_BREP_SHAPE_REPRESENTATION ( '', ( #871, #1322 ), #1523 ) ;
#137 = ORIENTED_EDGE ( 'NONE', *, *, #2, .T. ) ;
#138 = LINE ( 'NONE', #1172, #559 ) ;
#139 = LINE ( 'NONE', #4, #825 ) ;
#140 = DIRECTION ( 'NONE',  ( -0.000000000000000000, -0.000000000000000000, -1.000000000000000000 ) ) ;
#141 = CARTESIAN_POINT ( 'NONE',  ( 30.00000000000000000, -10.00000000000006928, -80.00000000000000000 ) ) ;
#142 = CARTESIAN_POINT ( 'NONE',  ( 0.000000000000000000, 0.000000000000000000, 10.00000000000000000 ) ) ;
#143 = CIRCLE ( 'NONE', #16, 1.250000000000001110 ) ;
#144 = PLANE ( 'NONE',  #1049 ) ;
#145 = EDGE_LOOP ( 'NONE', ( #585, #912, #1385, #1396 ) ) ;
#146 = FACE_BOUND ( 'NONE', #544, .T. ) ;
#147 = VECTOR ( 'NONE', #213, 1000.000000000000000 ) ;
#148 = AXIS2_PLACEMENT_3D ( 'NONE', #1265, #104, #614 ) ;
#149 = APPLICATION_CONTEXT ( 'automotive_design' ) ;
#150 = EDGE_CURVE ( 'NONE', #797, #783, #1526, .T. ) ;
#151 = CARTESIAN_POINT ( 'NONE',  ( 20.00000000000000000, -10.00000000000000000, 0.000000000000000000 ) ) ;
#152 = CARTESIAN_POINT ( 'NONE',  ( 20.00000000000000000, -10.00000000000000000, -80.00000000000000000 ) ) ;
#153 = DIRECTION ( 'NONE',  ( -1.261617073437677999E-16, 1.000000000000000000, 0.000000000000000000 ) ) ;
#154 = ORIENTED_EDGE ( 'NONE', *, *, #1571, .T. ) ;
#155 = CARTESIAN_POINT ( 'NONE',  ( 0.000000000000000000, -10.00000000000000355, -80.00000000000000000 ) ) ;
#156 = EDGE_LOOP ( 'NONE', ( #809, #505, #855, #502 ) ) ;
#157 = CARTESIAN_POINT ( 'NONE',  ( 20.00000000000000355, -42.50000000000000000, -40.00000000000000000 ) ) ;
#158 = DIRECTION ( 'NONE',  ( -3.154042683594193641E-16, 1.000000000000000000, 0.000000000000000000 ) ) ;
#159 = CARTESIAN_POINT ( 'NONE',  ( -3.469446951953614189E-14, 200.0000000000000000, 10.00000000000000000 ) ) ;
#160 = ORIENTED_EDGE ( 'NONE', *, *, #73, .T. ) ;
#161 = DIRECTION ( 'NONE',  ( -0.000000000000000000, -1.000000000000000000, -0.000000000000000000 ) ) ;
#162 = VERTEX_POINT ( 'NONE', #1486 ) ;
#163 = CARTESIAN_POINT ( 'NONE',  ( 19.99999999999999645, -30.75000000000001066, -24.49999999999989342 ) ) ;
#164 = DIRECTION ( 'NONE',  ( 1.000000000000000000, 1.982541115402066589E-16, 0.000000000000000000 ) ) ;
#165 = ORIENTED_EDGE ( 'NONE', *, *, #520, .T. ) ;
#166 = EDGE_CURVE ( 'NONE', #1137, #1604, #1224, .T. ) ;
#167 = ORIENTED_EDGE ( 'NONE', *, *, #114, .F. ) ;
#168 = PLANE ( 'NONE',  #990 ) ;
#169 = AXIS2_PLACEMENT_3D ( 'NONE', #991, #872, #1669 ) ;
#170 = EDGE_CURVE ( 'NONE', #1418, #222, #346, .T. ) ;
#171 = ORIENTED_EDGE ( 'NONE', *, *, #227, .F. ) ;
#172 = DIRECTION ( 'NONE',  ( 0.000000000000000000, 0.000000000000000000, 1.000000000000000000 ) ) ;
#173 = AXIS2_PLACEMENT_3D ( 'NONE', #916, #1210, #1474 ) ;
#174 = EDGE_CURVE ( 'NONE', #1114, #358, #993, .T. ) ;
#175 = AXIS2_PLACEMENT_3D ( 'NONE', #974, #1369, #840 ) ;
#176 = DIRECTION ( 'NONE',  ( 0.000000000000000000, 0.000000000000000000, 1.000000000000000000 ) ) ;
#177 = AXIS2_PLACEMENT_3D ( 'NONE', #87, #843, #101 ) ;
#178 =( LENGTH_UNIT ( ) NAMED_UNIT ( * ) SI_UNIT ( .MILLI., .METRE. ) );
#179 = DIRECTION ( 'NONE',  ( -1.000000000000000000, -1.982541115402066589E-16, -0.000000000000000000 ) ) ;
#180 = AXIS2_PLACEMENT_3D ( 'NONE', #1650, #992, #1409 ) ;
#181 = ORIENTED_EDGE ( 'NONE', *, *, #1093, .T. ) ;
#182 = CARTESIAN_POINT ( 'NONE',  ( 28.00000000000000355, -45.00000000000000711, -40.00000000000000000 ) ) ;
#183 = ORIENTED_EDGE ( 'NONE', *, *, #1512, .F. ) ;
#184 = DIRECTION ( 'NONE',  ( 1.000000000000000000, 1.734723475976813997E-16, 0.000000000000000000 ) ) ;
#185 = AXIS2_PLACEMENT_3D ( 'NONE', #410, #1311, #1295 ) ;
#186 = DIRECTION ( 'NONE',  ( 1.734723475976807094E-16, -1.000000000000000000, -0.000000000000000000 ) ) ;
#187 = CARTESIAN_POINT ( 'NONE',  ( 79.99999999999998579, 0.000000000000000000, 10.00000000000000000 ) ) ;
#188 = ORIENTED_EDGE ( 'NONE', *, *, #826, .F. ) ;
#189 = CARTESIAN_POINT ( 'NONE',  ( 39.99999999999999289, 190.0000000000000000, 10.00000000000000000 ) ) ;
#190 = CARTESIAN_POINT ( 'NONE',  ( 0.000000000000000000, 0.000000000000000000, -80.00000000000000000 ) ) ;
#191 = ORIENTED_EDGE ( 'NONE', *, *, #1642, .F. ) ;
#192 = EDGE_CURVE ( 'NONE', #969, #162, #1616, .T. ) ;
#193 = LINE ( 'NONE', #1111, #303 ) ;
#194 = SHAPE_REPRESENTATION_RELATIONSHIP ( 'NONE' , 'NONE' ,  #847, #1497 ) ;
#195 = DIRECTION ( 'NONE',  ( -0.000000000000000000, -0.000000000000000000, -1.000000000000000000 ) ) ;
#196 = EDGE_LOOP ( 'NONE', ( #626, #463, #1362, #1376 ) ) ;
#197 = CARTESIAN_POINT ( 'NONE',  ( -2.775557561562891351E-14, 110.0000000000000000, 0.000000000000000000 ) ) ;
#198 = DIRECTION ( 'NONE',  ( 1.000000000000000000, 0.000000000000000000, 0.000000000000000000 ) ) ;
#199 = LINE ( 'NONE', #459, #1399 ) ;
#200 = CARTESIAN_POINT ( 'NONE',  ( 19.99999999999999645, -30.75000000000001066, -24.49999999999989342 ) ) ;
#201 = CIRCLE ( 'NONE', #1092, 9.999999999999998224 ) ;
#202 = EDGE_CURVE ( 'NONE', #754, #1566, #1260, .T. ) ;
#203 = LINE ( 'NONE', #589, #384 ) ;
#204 = VECTOR ( 'NONE', #1459, 1000.000000000000000 ) ;
#205 = CARTESIAN_POINT ( 'NONE',  ( 0.000000000000000000, 0.000000000000000000, 0.000000000000000000 ) ) ;
#206 = AXIS2_PLACEMENT_3D ( 'NONE', #953, #1591, #936 ) ;
#207 = VERTEX_POINT ( 'NONE', #727 ) ;
#208 = CYLINDRICAL_SURFACE ( 'NONE', #1129, 10.99999999999999289 ) ;
#209 = AXIS2_PLACEMENT_3D ( 'NONE', #1337, #682, #1209 ) ;
#210 = DIRECTION ( 'NONE',  ( 1.000000000000000000, 1.734723475976813997E-16, 0.000000000000000000 ) ) ;
#211 = ORIENTED_EDGE ( 'NONE', *, *, #1072, .T. ) ;
#212 = CARTESIAN_POINT ( 'NONE',  ( 0.000000000000000000, 0.000000000000000000, 0.000000000000000000 ) ) ;
#213 = DIRECTION ( 'NONE',  ( -1.000000000000000000, -0.000000000000000000, -0.000000000000000000 ) ) ;
#214 =( REPRESENTATION_RELATIONSHIP ('NONE','NONE', #772, #847 ) REPRESENTATION_RELATIONSHIP_WITH_TRANSFORMATION ( #1284 )SHAPE_REPRESENTATION_RELATIONSHIP( ) );
#215 = ORIENTED_EDGE ( 'NONE', *, *, #1617, .T. ) ;
#216 = CYLINDRICAL_SURFACE ( 'NONE', #1095, 1.250000000000001110 ) ;
#217 = CARTESIAN_POINT ( 'NONE',  ( 20.00000000000000000, -10.00000000000000000, -80.00000000000000000 ) ) ;
#218 = ORIENTED_EDGE ( 'NONE', *, *, #51, .F. ) ;
#219 = MANIFOLD_SOLID_BREP ( 'Saliente-Extruir1', #1625 ) ;
#220 = CARTESIAN_POINT ( 'NONE',  ( 0.000000000000000000, 0.000000000000000000, 10.00000000000000000 ) ) ;
#221 = CARTESIAN_POINT ( 'NONE',  ( 50.00000000000000711, -99.99999999999998579, -80.00000000000000000 ) ) ;
#222 = VERTEX_POINT ( 'NONE', #833 ) ;
#223 = EDGE_CURVE ( 'NONE', #515, #1518, #1094, .T. ) ;
#224 = DIRECTION ( 'NONE',  ( -0.000000000000000000, -0.000000000000000000, -1.000000000000000000 ) ) ;
#225 = CARTESIAN_POINT ( 'NONE',  ( 0.000000000000000000, 200.0000000000000000, 10.00000000000000000 ) ) ;
#226 = ORIENTED_EDGE ( 'NONE', *, *, #1152, .F. ) ;
#227 = EDGE_CURVE ( 'NONE', #1255, #1555, #75, .T. ) ;
#228 = AXIS2_PLACEMENT_3D ( 'NONE', #236, #1667, #240 ) ;
#229 = CARTESIAN_POINT ( 'NONE',  ( 30.00000000000000711, -45.00000000000000711, -40.00000000000000000 ) ) ;
#230 = PRODUCT_DEFINITION ( 'UNKNOWN', '', #1159, #327 ) ;
#231 = VECTOR ( 'NONE', #1627, 1000.000000000000000 ) ;
#232 = AXIS2_PLACEMENT_3D ( 'NONE', #1206, #574, #428 ) ;
#233 = AXIS2_PLACEMENT_3D ( 'NONE', #1392, #1364, #968 ) ;
#234 = ORIENTED_EDGE ( 'NONE', *, *, #947, .T. ) ;
#235 = DIRECTION ( 'NONE',  ( 0.000000000000000000, 1.000000000000000000, 0.000000000000000000 ) ) ;
#236 = CARTESIAN_POINT ( 'NONE',  ( 19.99999999999999645, -29.50000000000000711, -55.49999999999989342 ) ) ;
#237 = ORIENTED_EDGE ( 'NONE', *, *, #1440, .T. ) ;
#238 = DIRECTION ( 'NONE',  ( 1.000000000000000000, 1.982541115402066589E-16, -0.000000000000000000 ) ) ;
#239 = ORIENTED_EDGE ( 'NONE', *, *, #1252, .F. ) ;
#240 = DIRECTION ( 'NONE',  ( 0.000000000000000000, 1.000000000000000000, 0.000000000000000000 ) ) ;
#241 = ORIENTED_EDGE ( 'NONE', *, *, #492, .F. ) ;
#242 = FACE_BOUND ( 'NONE', #952, .T. ) ;
#243 = ADVANCED_FACE ( 'NONE', ( #702 ), #1645, .F. ) ;
#244 = EDGE_CURVE ( 'NONE', #1186, #375, #1496, .T. ) ;
#245 = ORIENTED_EDGE ( 'NONE', *, *, #284, .T. ) ;
#246 = EDGE_LOOP ( 'NONE', ( #1192, #1334, #1349, #53, #1633, #828, #171, #1203, #1637, #131 ) ) ;
#247 = CARTESIAN_POINT ( 'NONE',  ( 19.99999999999999645, -28.25000000000000711, -24.49999999999989342 ) ) ;
#248 = STYLED_ITEM ( 'NONE', ( #1611 ), #1375 ) ;
#249 = ORIENTED_EDGE ( 'NONE', *, *, #227, .T. ) ;
#250 = CIRCLE ( 'NONE', #1067, 2.500000000000002220 ) ;
#251 = CARTESIAN_POINT ( 'NONE',  ( 40.00000000000000711, -90.00000000000000000, -80.00000000000000000 ) ) ;
#252 = PRODUCT_RELATED_PRODUCT_CATEGORY ( 'part', '', ( #1483 ) ) ;
#253 = VERTEX_POINT ( 'NONE', #982 ) ;
#254 = FACE_OUTER_BOUND ( 'NONE', #1420, .T. ) ;
#255 = CIRCLE ( 'NONE', #883, 10.99999999999999645 ) ;
#256 = EDGE_LOOP ( 'NONE', ( #736, #1472, #322, #1133 ) ) ;
#257 = DIRECTION ( 'NONE',  ( 0.000000000000000000, -0.000000000000000000, -1.000000000000000000 ) ) ;
#258 = VERTEX_POINT ( 'NONE', #462 ) ;
#259 = FACE_OUTER_BOUND ( 'NONE', #156, .T. ) ;
#260 = APPLICATION_CONTEXT ( 'automotive_design' ) ;
#261 = DIRECTION ( 'NONE',  ( -0.000000000000000000, -1.000000000000000000, -0.000000000000000000 ) ) ;
#262 = PRODUCT_DEFINITION_SHAPE ( 'NONE', 'NONE',  #1215 ) ;
#263 = CARTESIAN_POINT ( 'NONE',  ( 50.99999999999997868, 55.00000000000000000, 10.00000000000000000 ) ) ;
#264 = LINE ( 'NONE', #569, #791 ) ;
#265 = CARTESIAN_POINT ( 'NONE',  ( 30.00000000000000000, -10.00000000000006573, -80.00000000000000000 ) ) ;
#266 = ADVANCED_FACE ( 'NONE', ( #1514 ), #1383, .T. ) ;
#267 = CARTESIAN_POINT ( 'NONE',  ( 0.000000000000000000, 0.000000000000000000, 10.00000000000000000 ) ) ;
#268 =( NAMED_UNIT ( * ) SI_UNIT ( $, .STERADIAN. ) SOLID_ANGLE_UNIT ( ) );
#269 = DIRECTION ( 'NONE',  ( 1.000000000000000000, 1.734723475976813997E-16, 0.000000000000000000 ) ) ;
#270 = CIRCLE ( 'NONE', #1233, 9.999999999999998224 ) ;
#271 = CARTESIAN_POINT ( 'NONE',  ( 30.00000000000000711, -61.75000000000000711, -24.50000000000000000 ) ) ;
#272 = ORIENTED_EDGE ( 'NONE', *, *, #1560, .T. ) ;
#273 = DIRECTION ( 'NONE',  ( 0.000000000000000000, 1.000000000000000000, 0.000000000000000000 ) ) ;
#274 = VECTOR ( 'NONE', #537, 1000.000000000000000 ) ;
#275 = VECTOR ( 'NONE', #850, 1000.000000000000000 ) ;
#276 = ORIENTED_EDGE ( 'NONE', *, *, #1414, .T. ) ;
#277 = CIRCLE ( 'NONE', #1520, 1.249999999999997558 ) ;
#278 = FILL_AREA_STYLE ('',( #656 ) ) ;
#279 = ORIENTED_EDGE ( 'NONE', *, *, #896, .T. ) ;
#280 = DIRECTION ( 'NONE',  ( 0.000000000000000000, 1.000000000000000000, 0.000000000000000000 ) ) ;
#281 = ORIENTED_EDGE ( 'NONE', *, *, #309, .F. ) ;
#282 = CARTESIAN_POINT ( 'NONE',  ( 20.00000000000000355, -61.75000000000000711, -24.50000000000000000 ) ) ;
#283 = ORIENTED_EDGE ( 'NONE', *, *, #1039, .F. ) ;
#284 = EDGE_CURVE ( 'NONE', #1255, #14, #475, .T. ) ;
#285 = SURFACE_STYLE_FILL_AREA ( #278 ) ;
#286 = PRODUCT ( 'base_pared', 'base_pared', '', ( #873 ) ) ;
#287 =( NAMED_UNIT ( * ) PLANE_ANGLE_UNIT ( ) SI_UNIT ( $, .RADIAN. ) );
#288 = CARTESIAN_POINT ( 'NONE',  ( 28.00000000000000355, -45.00000000000000711, -40.00000000000000000 ) ) ;
#289 = EDGE_CURVE ( 'NONE', #509, #935, #1460, .T. ) ;
#290 = UNCERTAINTY_MEASURE_WITH_UNIT (LENGTH_MEASURE( 1.000000000000000082E-05 ), #178, 'distance_accuracy_value', 'NONE');
#291 = ORIENTED_EDGE ( 'NONE', *, *, #749, .F. ) ;
#292 = CARTESIAN_POINT ( 'NONE',  ( -3.469446951953614189E-14, 200.0000000000000000, 0.000000000000000000 ) ) ;
#293 = EDGE_CURVE ( 'NONE', #1418, #1114, #663, .T. ) ;
#294 = ORIENTED_EDGE ( 'NONE', *, *, #78, .F. ) ;
#295 = DIRECTION ( 'NONE',  ( -0.000000000000000000, -0.000000000000000000, -1.000000000000000000 ) ) ;
#296 = LINE ( 'NONE', #1608, #631 ) ;
#297 = ORIENTED_EDGE ( 'NONE', *, *, #1189, .F. ) ;
#298 = CARTESIAN_POINT ( 'NONE',  ( 0.000000000000000000, 0.000000000000000000, 10.00000000000000000 ) ) ;
#299 = VECTOR ( 'NONE', #1390, 1000.000000000000000 ) ;
#300 = DIRECTION ( 'NONE',  ( 0.000000000000000000, -0.000000000000000000, 1.000000000000000000 ) ) ;
#301 = EDGE_LOOP ( 'NONE', ( #1551, #411, #1612, #720 ) ) ;
#302 = PRODUCT_DEFINITION_SHAPE ( 'NONE', 'NONE',  #1675 ) ;
#303 = VECTOR ( 'NONE', #186, 1000.000000000000000 ) ;
#304 = AXIS2_PLACEMENT_3D ( 'NONE', #182, #60, #542 ) ;
#305 = PLANE ( 'NONE',  #1429 ) ;
#306 =( LENGTH_UNIT ( ) NAMED_UNIT ( * ) SI_UNIT ( .MILLI., .METRE. ) );
#307 = AXIS2_PLACEMENT_3D ( 'NONE', #205, #1249, #1011 ) ;
#308 = ORIENTED_EDGE ( 'NONE', *, *, #289, .T. ) ;
#309 = EDGE_CURVE ( 'NONE', #852, #935, #645, .T. ) ;
#310 = LINE ( 'NONE', #155, #472 ) ;
#311 = DIRECTION ( 'NONE',  ( 1.261617073437677752E-16, -1.000000000000000000, 0.000000000000000000 ) ) ;
#312 = ORIENTED_EDGE ( 'NONE', *, *, #1360, .F. ) ;
#313 = CARTESIAN_POINT ( 'NONE',  ( -3.469446951953614189E-14, 200.0000000000000000, 10.00000000000000000 ) ) ;
#314 = CIRCLE ( 'NONE', #185, 11.00000000000000355 ) ;
#315 = DIRECTION ( 'NONE',  ( -1.261617073437677752E-16, 1.000000000000000000, -0.000000000000000000 ) ) ;
#316 =( NAMED_UNIT ( * ) PLANE_ANGLE_UNIT ( ) SI_UNIT ( $, .RADIAN. ) );
#317 = CARTESIAN_POINT ( 'NONE',  ( 79.99999999999998579, 0.000000000000000000, 10.00000000000000000 ) ) ;
#318 = EDGE_LOOP ( 'NONE', ( #672, #1656, #943, #181 ) ) ;
#319 = CYLINDRICAL_SURFACE ( 'NONE', #1624, 2.500000000000002220 ) ;
#320 = EDGE_CURVE ( 'NONE', #424, #509, #1163, .T. ) ;
#321 = LINE ( 'NONE', #1246, #468 ) ;
#322 = ORIENTED_EDGE ( 'NONE', *, *, #1638, .T. ) ;
#323 = LINE ( 'NONE', #200, #687 ) ;
#324 = FACE_OUTER_BOUND ( 'NONE', #367, .T. ) ;
#325 =( NAMED_UNIT ( * ) PLANE_ANGLE_UNIT ( ) SI_UNIT ( $, .RADIAN. ) );
#326 = CARTESIAN_POINT ( 'NONE',  ( 70.00000000000001421, -2.449293598294702569E-15, 10.00000000000000000 ) ) ;
#327 = PRODUCT_DEFINITION_CONTEXT ( 'detailed design', #1310, 'design' ) ;
#328 = ORIENTED_EDGE ( 'NONE', *, *, #635, .F. ) ;
#329 = CARTESIAN_POINT ( 'NONE',  ( 19.99999999999999645, -29.50000000000000711, -24.49999999999989342 ) ) ;
#330 = CARTESIAN_POINT ( 'NONE',  ( 79.99999999999997158, 110.0000000000000000, 10.00000000000000000 ) ) ;
#331 = VERTEX_POINT ( 'NONE', #5 ) ;
#332 = AXIS2_PLACEMENT_3D ( 'NONE', #1379, #577, #451 ) ;
#333 = AXIS2_PLACEMENT_3D ( 'NONE', #95, #602, #1530 ) ;
#334 = DIRECTION ( 'NONE',  ( 0.000000000000000000, 0.000000000000000000, 1.000000000000000000 ) ) ;
#335 = CLOSED_SHELL ( 'NONE', ( #1128, #837, #344, #739, #1563, #818, #1589, #889, #1329, #592, #596, #831, #266, #849, #1515, #1421, #1437, #130, #895, #940, #668, #1283, #573, #961, #647 ) ) ;
#336 = CONTEXT_DEPENDENT_SHAPE_REPRESENTATION ( #214, #1595 ) ;
#337 = CARTESIAN_POINT ( 'NONE',  ( 0.000000000000000000, 0.000000000000000000, 10.00000000000000000 ) ) ;
#338 = AXIS2_PLACEMENT_3D ( 'NONE', #65, #964, #696 ) ;
#339 = ORIENTED_EDGE ( 'NONE', *, *, #1509, .F. ) ;
#340 = CYLINDRICAL_SURFACE ( 'NONE', #1373, 9.999999999999987566 ) ;
#341 = DIRECTION ( 'NONE',  ( 0.000000000000000000, 1.000000000000000000, 0.000000000000000000 ) ) ;
#342 = EDGE_LOOP ( 'NONE', ( #347, #1036 ) ) ;
#343 = DIRECTION ( 'NONE',  ( -0.000000000000000000, -0.000000000000000000, -1.000000000000000000 ) ) ;
#344 = ADVANCED_FACE ( 'NONE', ( #1586 ), #1305, .F. ) ;
#345 = APPLICATION_PROTOCOL_DEFINITION ( 'draft international standard', 'automotive_design', 1998, #66 ) ;
#346 = LINE ( 'NONE', #337, #275 ) ;
#347 = ORIENTED_EDGE ( 'NONE', *, *, #763, .F. ) ;
#348 = EDGE_CURVE ( 'NONE', #1012, #956, #536, .T. ) ;
#349 = DIRECTION ( 'NONE',  ( 1.000000000000000000, 1.734723475976813997E-16, 0.000000000000000000 ) ) ;
#350 = CARTESIAN_POINT ( 'NONE',  ( 40.00000000000001421, 120.0000000000000142, 10.00000000000000000 ) ) ;
#351 = EDGE_CURVE ( 'NONE', #1056, #757, #512, .T. ) ;
#352 = ORIENTED_EDGE ( 'NONE', *, *, #1197, .T. ) ;
#353 = CARTESIAN_POINT ( 'NONE',  ( 28.00000000000000355, -45.00000000000000711, -40.00000000000000000 ) ) ;
#354 = VERTEX_POINT ( 'NONE', #778 ) ;
#355 =( NAMED_UNIT ( * ) PLANE_ANGLE_UNIT ( ) SI_UNIT ( $, .RADIAN. ) );
#356 = EDGE_CURVE ( 'NONE', #1537, #1470, #1549, .T. ) ;
#357 = CARTESIAN_POINT ( 'NONE',  ( 30.00000000000001421, -80.00000000000001421, -80.00000000000000000 ) ) ;
#358 = VERTEX_POINT ( 'NONE', #904 ) ;
#359 = CYLINDRICAL_SURFACE ( 'NONE', #1151, 11.00000000000000355 ) ;
#360 = MECHANICAL_DESIGN_GEOMETRIC_PRESENTATION_REPRESENTATION (  '', ( #905 ), #1125 ) ;
#361 = CIRCLE ( 'NONE', #1545, 10.00000000000000178 ) ;
#362 = VECTOR ( 'NONE', #707, 1000.000000000000000 ) ;
#363 = DIRECTION ( 'NONE',  ( -1.000000000000000000, 0.000000000000000000, -0.000000000000000000 ) ) ;
#364 = VERTEX_POINT ( 'NONE', #921 ) ;
#365 = CARTESIAN_POINT ( 'NONE',  ( 50.99999999999997868, 55.00000000000000000, 10.00000000000000000 ) ) ;
#366 = EDGE_CURVE ( 'NONE', #578, #515, #405, .T. ) ;
#367 = EDGE_LOOP ( 'NONE', ( #1653, #1097, #1090, #77 ) ) ;
#368 = CARTESIAN_POINT ( 'NONE',  ( 70.00000000000001421, -2.449293598294702569E-15, 10.00000000000000000 ) ) ;
#369 = PRODUCT_DEFINITION ( 'UNKNOWN', '', #24, #430 ) ;
#370 = CARTESIAN_POINT ( 'NONE',  ( 50.00000000000001421, 110.0000000000000142, 10.00000000000000000 ) ) ;
#371 = ORIENTED_EDGE ( 'NONE', *, *, #785, .F. ) ;
#372 = CARTESIAN_POINT ( 'NONE',  ( 30.00000000000000711, -60.50000000000000711, -55.50000000000000000 ) ) ;
#373 = VERTEX_POINT ( 'NONE', #813 ) ;
#374 = CARTESIAN_POINT ( 'NONE',  ( 28.00000000000000355, -42.50000000000000000, -40.00000000000000000 ) ) ;
#375 = VERTEX_POINT ( 'NONE', #443 ) ;
#376 = PLANE ( 'NONE',  #438 ) ;
#377 = ORIENTED_EDGE ( 'NONE', *, *, #192, .F. ) ;
#378 = FACE_OUTER_BOUND ( 'NONE', #1184, .T. ) ;
#379 = CARTESIAN_POINT ( 'NONE',  ( 50.00000000000001421, 120.0000000000000142, 10.00000000000000000 ) ) ;
#380 =( NAMED_UNIT ( * ) PLANE_ANGLE_UNIT ( ) SI_UNIT ( $, .RADIAN. ) );
#381 = COLOUR_RGB ( '',0.7921568627450980005, 0.8196078431372548767, 0.9333333333333333481 ) ;
#382 = ORIENTED_EDGE ( 'NONE', *, *, #1132, .T. ) ;
#383 = MECHANICAL_DESIGN_GEOMETRIC_PRESENTATION_REPRESENTATION (  '', ( #1123 ), #19 ) ;
#384 = VECTOR ( 'NONE', #315, 1000.000000000000000 ) ;
#385 = AXIS2_PLACEMENT_3D ( 'NONE', #841, #1651, #1087 ) ;
#386 = PLANE ( 'NONE',  #1577 ) ;
#387 = ORIENTED_EDGE ( 'NONE', *, *, #763, .T. ) ;
#388 = DIRECTION ( 'NONE',  ( 0.000000000000000000, 1.000000000000000000, 0.000000000000000000 ) ) ;
#389 = CIRCLE ( 'NONE', #177, 1.250000000000001110 ) ;
#390 = CARTESIAN_POINT ( 'NONE',  ( 19.99999999999999645, -29.50000000000000711, -55.49999999999989342 ) ) ;
#391 = LINE ( 'NONE', #773, #1236 ) ;
#392 = EDGE_CURVE ( 'NONE', #1034, #439, #907, .T. ) ;
#393 = VECTOR ( 'NONE', #918, 1000.000000000000000 ) ;
#394 = VERTEX_POINT ( 'NONE', #1494 ) ;
#395 = FACE_OUTER_BOUND ( 'NONE', #1143, .T. ) ;
#396 = ORIENTED_EDGE ( 'NONE', *, *, #807, .T. ) ;
#397 = CYLINDRICAL_SURFACE ( 'NONE', #715, 1.250000000000001110 ) ;
#398 = PRODUCT_DEFINITION_SHAPE ( 'NONE', 'NONE',  #1448 ) ;
#399 = CARTESIAN_POINT ( 'NONE',  ( 20.00000000000000355, -99.99999999999998579, -80.00000000000000000 ) ) ;
#400 = CARTESIAN_POINT ( 'NONE',  ( 0.000000000000000000, 0.000000000000000000, 0.000000000000000000 ) ) ;
#401 = FACE_OUTER_BOUND ( 'NONE', #1406, .T. ) ;
#402 = EDGE_LOOP ( 'NONE', ( #1083, #215, #1353, #127 ) ) ;
#403 = CARTESIAN_POINT ( 'NONE',  ( 20.00000000000000355, -60.50000000000000711, -55.50000000000000000 ) ) ;
#404 = ORIENTED_EDGE ( 'NONE', *, *, #1638, .F. ) ;
#405 = LINE ( 'NONE', #798, #556 ) ;
#406 = DIRECTION ( 'NONE',  ( 0.000000000000000000, 0.000000000000000000, -1.000000000000000000 ) ) ;
#407 = LINE ( 'NONE', #1182, #1178 ) ;
#408 = VECTOR ( 'NONE', #857, 1000.000000000000000 ) ;
#409 = CIRCLE ( 'NONE', #333, 1.250000000000001110 ) ;
#410 = CARTESIAN_POINT ( 'NONE',  ( 28.00000000000000355, -45.00000000000000711, -40.00000000000000000 ) ) ;
#411 = ORIENTED_EDGE ( 'NONE', *, *, #105, .F. ) ;
#412 = PRODUCT_DEFINITION_SHAPE ( 'NONE', 'NONE',  #1673 ) ;
#413 = PLANE ( 'NONE',  #338 ) ;
#414 = EDGE_CURVE ( 'NONE', #489, #1046, #76, .T. ) ;
#415 = EDGE_LOOP ( 'NONE', ( #112, #711 ) ) ;
#416 = CIRCLE ( 'NONE', #20, 9.999999999999987566 ) ;
#417 = DIRECTION ( 'NONE',  ( 1.000000000000000000, 2.523234146875355998E-16, -0.000000000000000000 ) ) ;
#418 = EDGE_CURVE ( 'NONE', #859, #207, #255, .T. ) ;
#419 = FACE_OUTER_BOUND ( 'NONE', #1300, .T. ) ;
#420 = DIRECTION ( 'NONE',  ( 1.000000000000000000, 0.000000000000000000, 0.000000000000000000 ) ) ;
#421 = EDGE_CURVE ( 'NONE', #1604, #649, #1503, .T. ) ;
#422 = CARTESIAN_POINT ( 'NONE',  ( 30.00000000000000000, 190.0000000000000000, 10.00000000000000000 ) ) ;
#423 = CARTESIAN_POINT ( 'NONE',  ( 40.00000000000000000, 190.0000000000000000, 0.000000000000000000 ) ) ;
#424 = VERTEX_POINT ( 'NONE', #157 ) ;
#425 = CARTESIAN_POINT ( 'NONE',  ( 0.000000000000000000, -10.00000000000000355, 0.000000000000000000 ) ) ;
#426 = ORIENTED_EDGE ( 'NONE', *, *, #665, .F. ) ;
#427 = CARTESIAN_POINT ( 'NONE',  ( 30.00000000000000000, -29.50000000000000711, -55.49999999999989342 ) ) ;
#428 = DIRECTION ( 'NONE',  ( 0.000000000000000000, 1.000000000000000000, 0.000000000000000000 ) ) ;
#429 = LINE ( 'NONE', #1599, #856 ) ;
#430 = PRODUCT_DEFINITION_CONTEXT ( 'detailed design', #497, 'design' ) ;
#431 = EDGE_LOOP ( 'NONE', ( #997, #1251, #1309, #1618 ) ) ;
#432 = CYLINDRICAL_SURFACE ( 'NONE', #444, 1.250000000000007994 ) ;
#433 = DIRECTION ( 'NONE',  ( 0.000000000000000000, 0.000000000000000000, 1.000000000000000000 ) ) ;
#434 = ORIENTED_EDGE ( 'NONE', *, *, #543, .T. ) ;
#435 = DIRECTION ( 'NONE',  ( 1.000000000000000000, 1.734723475976813997E-16, -0.000000000000000000 ) ) ;
#436 = DIRECTION ( 'NONE',  ( 1.000000000000000000, 0.000000000000000000, 0.000000000000000000 ) ) ;
#437 = EDGE_CURVE ( 'NONE', #394, #1240, #938, .T. ) ;
#438 = AXIS2_PLACEMENT_3D ( 'NONE', #899, #1254, #126 ) ;
#439 = VERTEX_POINT ( 'NONE', #579 ) ;
#440 = DIRECTION ( 'NONE',  ( 0.000000000000000000, 1.000000000000000000, 0.000000000000000000 ) ) ;
#441 =( NAMED_UNIT ( * ) PLANE_ANGLE_UNIT ( ) SI_UNIT ( $, .RADIAN. ) );
#442 = EDGE_LOOP ( 'NONE', ( #137, #1339, #1088, #1281 ) ) ;
#443 = CARTESIAN_POINT ( 'NONE',  ( 70.00000000000001421, -2.449293598294702569E-15, 0.000000000000000000 ) ) ;
#444 = AXIS2_PLACEMENT_3D ( 'NONE', #1605, #1619, #440 ) ;
#445 = PLANE ( 'NONE',  #175 ) ;
#446 =( LENGTH_UNIT ( ) NAMED_UNIT ( * ) SI_UNIT ( .MILLI., .METRE. ) );
#447 = DIRECTION ( 'NONE',  ( -0.000000000000000000, -1.000000000000000000, -0.000000000000000000 ) ) ;
#448 = ADVANCED_FACE ( 'NONE', ( #1230 ), #545, .F. ) ;
#449 = EDGE_LOOP ( 'NONE', ( #774, #165, #1199, #805 ) ) ;
#450 = FACE_OUTER_BOUND ( 'NONE', #256, .T. ) ;
#451 = DIRECTION ( 'NONE',  ( 0.000000000000000000, 1.000000000000000000, 0.000000000000000000 ) ) ;
#452 = ORIENTED_EDGE ( 'NONE', *, *, #771, .T. ) ;
#453 = DIRECTION ( 'NONE',  ( 0.000000000000000000, 1.000000000000000000, 0.000000000000000000 ) ) ;
#454 = CARTESIAN_POINT ( 'NONE',  ( 50.00000000000000711, -90.00000000000000000, 0.000000000000000000 ) ) ;
#455 = ORIENTED_EDGE ( 'NONE', *, *, #951, .T. ) ;
#456 = SURFACE_STYLE_FILL_AREA ( #1250 ) ;
#457 = ORIENTED_EDGE ( 'NONE', *, *, #202, .F. ) ;
#458 = LINE ( 'NONE', #1377, #1516 ) ;
#459 = CARTESIAN_POINT ( 'NONE',  ( 0.000000000000000000, -10.00000000000000355, -80.00000000000000000 ) ) ;
#460 = ORIENTED_EDGE ( 'NONE', *, *, #979, .F. ) ;
#461 = LINE ( 'NONE', #1615, #1099 ) ;
#462 = CARTESIAN_POINT ( 'NONE',  ( 30.00000000000000355, -34.00000000000000000, -40.00000000000000000 ) ) ;
#463 = ORIENTED_EDGE ( 'NONE', *, *, #771, .F. ) ;
#464 = SURFACE_STYLE_FILL_AREA ( #1272 ) ;
#465 = PLANE ( 'NONE',  #41 ) ;
#466 = ORIENTED_EDGE ( 'NONE', *, *, #642, .T. ) ;
#467 = CARTESIAN_POINT ( 'NONE',  ( 40.00000000000000711, -90.00000000000000000, -80.00000000000000000 ) ) ;
#468 = VECTOR ( 'NONE', #1239, 1000.000000000000000 ) ;
#469 = EDGE_CURVE ( 'NONE', #1034, #984, #566, .T. ) ;
#470 = PLANE ( 'NONE',  #1063 ) ;
#471 = AXIS2_PLACEMENT_3D ( 'NONE', #494, #13, #619 ) ;
#472 = VECTOR ( 'NONE', #161, 1000.000000000000000 ) ;
#473 = EDGE_CURVE ( 'NONE', #331, #354, #277, .T. ) ;
#474 = DIRECTION ( 'NONE',  ( 1.925929944387235853E-32, -1.387778780781445676E-16, 1.000000000000000000 ) ) ;
#475 = LINE ( 'NONE', #221, #476 ) ;
#476 = VECTOR ( 'NONE', #12, 1000.000000000000000 ) ;
#477 = EDGE_CURVE ( 'NONE', #489, #1663, #673, .T. ) ;
#478 = VERTEX_POINT ( 'NONE', #163 ) ;
#479 = DIRECTION ( 'NONE',  ( 0.000000000000000000, 1.000000000000000000, 0.000000000000000000 ) ) ;
#480 = AXIS2_PLACEMENT_3D ( 'NONE', #74, #84, #1104 ) ;
#481 = DIRECTION ( 'NONE',  ( 1.000000000000000000, 1.734723475976813997E-16, -0.000000000000000000 ) ) ;
#482 = ORIENTED_EDGE ( 'NONE', *, *, #826, .T. ) ;
#483 = PLANE ( 'NONE',  #148 ) ;
#484 = CARTESIAN_POINT ( 'NONE',  ( 70.00000000000001421, -2.449293598294702569E-15, 10.00000000000000000 ) ) ;
#485 = APPLICATION_PROTOCOL_DEFINITION ( 'draft international standard', 'automotive_design', 1998, #497 ) ;
#486 = ORIENTED_EDGE ( 'NONE', *, *, #1256, .T. ) ;
#487 = LINE ( 'NONE', #1519, #931 ) ;
#488 = CARTESIAN_POINT ( 'NONE',  ( 20.00000000000000355, -45.00000000000000711, -40.00000000000000000 ) ) ;
#489 = VERTEX_POINT ( 'NONE', #467 ) ;
#490 = LINE ( 'NONE', #499, #960 ) ;
#491 =( NAMED_UNIT ( * ) SI_UNIT ( $, .STERADIAN. ) SOLID_ANGLE_UNIT ( ) );
#492 = EDGE_CURVE ( 'NONE', #478, #570, #323, .T. ) ;
#493 = ORIENTED_EDGE ( 'NONE', *, *, #6, .T. ) ;
#494 = CARTESIAN_POINT ( 'NONE',  ( 20.00000000000000355, -60.50000000000000711, -24.50000000000000000 ) ) ;
#495 = FACE_BOUND ( 'NONE', #1173, .T. ) ;
#496 = ORIENTED_EDGE ( 'NONE', *, *, #1051, .T. ) ;
#497 = APPLICATION_CONTEXT ( 'automotive_design' ) ;
#498 = CIRCLE ( 'NONE', #575, 1.250000000000007994 ) ;
#499 = CARTESIAN_POINT ( 'NONE',  ( 70.00000000000001421, -2.449293598294702569E-15, 10.00000000000000000 ) ) ;
#500 = ITEM_DEFINED_TRANSFORMATION ( 'NONE', 'NONE', #209,  #1322 ) ;
#501 = AXIS2_PLACEMENT_3D ( 'NONE', #662, #777, #901 ) ;
#502 = ORIENTED_EDGE ( 'NONE', *, *, #1642, .T. ) ;
#503 = ADVANCED_FACE ( 'NONE', ( #82 ), #483, .F. ) ;
#504 = FACE_OUTER_BOUND ( 'NONE', #1275, .T. ) ;
#505 = ORIENTED_EDGE ( 'NONE', *, *, #1440, .F. ) ;
#506 = CARTESIAN_POINT ( 'NONE',  ( 20.00000000000000355, -99.99999999999998579, 0.000000000000000000 ) ) ;
#507 =( GEOMETRIC_REPRESENTATION_CONTEXT ( 3 ) GLOBAL_UNCERTAINTY_ASSIGNED_CONTEXT ( ( #290 ) ) GLOBAL_UNIT_ASSIGNED_CONTEXT ( ( #178, #949, #975 ) ) REPRESENTATION_CONTEXT ( 'NONE', 'WORKASPACE' ) );
#508 = DIRECTION ( 'NONE',  ( 0.000000000000000000, 0.000000000000000000, 1.000000000000000000 ) ) ;
#509 = VERTEX_POINT ( 'NONE', #374 ) ;
#510 = CARTESIAN_POINT ( 'NONE',  ( 0.000000000000000000, 0.000000000000000000, 0.000000000000000000 ) ) ;
#511 = DIRECTION ( 'NONE',  ( -1.000000000000000000, 3.498990854706716582E-17, 0.000000000000000000 ) ) ;
#512 = LINE ( 'NONE', #1441, #1628 ) ;
#513 = ORIENTED_EDGE ( 'NONE', *, *, #414, .T. ) ;
#514 = CARTESIAN_POINT ( 'NONE',  ( 79.99999999999998579, 0.000000000000000000, 10.00000000000000000 ) ) ;
#515 = VERTEX_POINT ( 'NONE', #18 ) ;
#516 = CYLINDRICAL_SURFACE ( 'NONE', #525, 9.999999999999998224 ) ;
#517 = EDGE_CURVE ( 'NONE', #222, #358, #139, .T. ) ;
#518 = CARTESIAN_POINT ( 'NONE',  ( 0.000000000000000000, 0.000000000000000000, -80.00000000000000000 ) ) ;
#519 = VECTOR ( 'NONE', #747, 1000.000000000000000 ) ;
#520 = EDGE_CURVE ( 'NONE', #534, #725, #1554, .T. ) ;
#521 = PRODUCT ( 'base_arriba', 'base_arriba', '', ( #1019 ) ) ;
#522 = ORIENTED_EDGE ( 'NONE', *, *, #1302, .F. ) ;
#523 = EDGE_CURVE ( 'NONE', #757, #1165, #1032, .T. ) ;
#524 = CIRCLE ( 'NONE', #1484, 1.250000000000001110 ) ;
#525 = AXIS2_PLACEMENT_3D ( 'NONE', #1428, #1290, #1037 ) ;
#526 = CARTESIAN_POINT ( 'NONE',  ( 19.99999999999992895, 0.000000000000000000, 0.000000000000000000 ) ) ;
#527 = ORIENTED_EDGE ( 'NONE', *, *, #951, .F. ) ;
#528 = DIRECTION ( 'NONE',  ( -1.000000000000000000, 0.000000000000000000, -0.000000000000000000 ) ) ;
#529 = DIRECTION ( 'NONE',  ( 1.000000000000000000, 1.734723475976813997E-16, -0.000000000000000000 ) ) ;
#530 = ADVANCED_BREP_SHAPE_REPRESENTATION ( '', ( #219, #1322 ), #507 ) ;
#531 = CARTESIAN_POINT ( 'NONE',  ( 0.000000000000000000, -10.00000000000000355, -80.00000000000000000 ) ) ;
#532 = CARTESIAN_POINT ( 'NONE',  ( 50.00000000000001421, 120.0000000000000142, 0.000000000000000000 ) ) ;
#533 = CYLINDRICAL_SURFACE ( 'NONE', #1491, 1.250000000000001110 ) ;
#534 = VERTEX_POINT ( 'NONE', #267 ) ;
#535 = PLANE ( 'NONE',  #106 ) ;
#536 = LINE ( 'NONE', #1187, #1378 ) ;
#537 = DIRECTION ( 'NONE',  ( 2.523234146875355998E-16, -1.000000000000000000, -0.000000000000000000 ) ) ;
#538 = DIRECTION ( 'NONE',  ( -1.261617073437677999E-16, 1.000000000000000000, 0.000000000000000000 ) ) ;
#539 = ADVANCED_FACE ( 'NONE', ( #11 ), #119, .F. ) ;
#540 = CARTESIAN_POINT ( 'NONE',  ( 20.00000000000000355, -45.00000000000000711, -40.00000000000000000 ) ) ;
#541 = ORIENTED_EDGE ( 'NONE', *, *, #717, .F. ) ;
#542 = DIRECTION ( 'NONE',  ( -3.154042683594193641E-16, 1.000000000000000000, 0.000000000000000000 ) ) ;
#543 = EDGE_CURVE ( 'NONE', #1289, #1537, #1047, .T. ) ;
#544 = EDGE_LOOP ( 'NONE', ( #93, #1621 ) ) ;
#545 = PLANE ( 'NONE',  #632 ) ;
#546 = DIRECTION ( 'NONE',  ( -2.973811673103098158E-16, 1.000000000000000000, -0.000000000000000000 ) ) ;
#547 = DIRECTION ( 'NONE',  ( 0.000000000000000000, 1.000000000000000000, 0.000000000000000000 ) ) ;
#548 = VECTOR ( 'NONE', #1116, 1000.000000000000000 ) ;
#549 = UNCERTAINTY_MEASURE_WITH_UNIT (LENGTH_MEASURE( 1.000000000000000082E-05 ), #1485, 'distance_accuracy_value', 'NONE');
#550 = AXIS2_PLACEMENT_3D ( 'NONE', #1395, #1262, #1662 ) ;
#551 = LINE ( 'NONE', #1069, #1434 ) ;
#552 = EDGE_LOOP ( 'NONE', ( #1117, #562, #651, #486 ) ) ;
#553 = CARTESIAN_POINT ( 'NONE',  ( 20.00000000000000711, -10.00000000000000178, -80.00000000000000000 ) ) ;
#554 = CIRCLE ( 'NONE', #1482, 11.00000000000000355 ) ;
#555 = VERTEX_POINT ( 'NONE', #784 ) ;
#556 = VECTOR ( 'NONE', #198, 1000.000000000000000 ) ;
#557 = PRODUCT_RELATED_PRODUCT_CATEGORY ( 'part', '', ( #1332 ) ) ;
#558 = CARTESIAN_POINT ( 'NONE',  ( 28.99999999999998934, 55.00000000000000000, 0.000000000000000000 ) ) ;
#559 = VECTOR ( 'NONE', #17, 1000.000000000000000 ) ;
#560 = CARTESIAN_POINT ( 'NONE',  ( 19.99999999999992895, 0.000000000000000000, -80.00000000000000000 ) ) ;
#561 = DIRECTION ( 'NONE',  ( -1.387778780781445676E-16, 1.000000000000000000, 0.000000000000000000 ) ) ;
#562 = ORIENTED_EDGE ( 'NONE', *, *, #947, .F. ) ;
#563 = CARTESIAN_POINT ( 'NONE',  ( 40.00000000000001421, 120.0000000000000142, 0.000000000000000000 ) ) ;
#564 = CARTESIAN_POINT ( 'NONE',  ( 0.000000000000000000, 200.0000000000000000, 0.000000000000000000 ) ) ;
#565 = ORIENTED_EDGE ( 'NONE', *, *, #1306, .T. ) ;
#566 = LINE ( 'NONE', #1084, #1430 ) ;
#567 = ADVANCED_FACE ( 'NONE', ( #254, #242 ), #1576, .F. ) ;
#568 = FACE_OUTER_BOUND ( 'NONE', #81, .T. ) ;
#569 = CARTESIAN_POINT ( 'NONE',  ( 20.00000000000000711, -10.00000000000000178, -80.00000000000000000 ) ) ;
#570 = VERTEX_POINT ( 'NONE', #1185 ) ;
#571 = LINE ( 'NONE', #553, #1487 ) ;
#572 = EDGE_LOOP ( 'NONE', ( #308, #1315 ) ) ;
#573 = ADVANCED_FACE ( 'NONE', ( #378 ), #397, .F. ) ;
#574 = DIRECTION ( 'NONE',  ( 1.000000000000000000, 1.734723475976813997E-16, 0.000000000000000000 ) ) ;
#575 = AXIS2_PLACEMENT_3D ( 'NONE', #1632, #594, #698 ) ;
#576 = CARTESIAN_POINT ( 'NONE',  ( 39.99999999999997868, 55.00000000000000000, 10.00000000000000000 ) ) ;
#577 = DIRECTION ( 'NONE',  ( 1.000000000000000000, 1.734723475976813997E-16, -0.000000000000000000 ) ) ;
#578 = VERTEX_POINT ( 'NONE', #1168 ) ;
#579 = CARTESIAN_POINT ( 'NONE',  ( 20.00000000000000355, -59.25000000000000000, -55.50000000000000000 ) ) ;
#580 = AXIS2_PLACEMENT_3D ( 'NONE', #400, #1580, #950 ) ;
#581 = VECTOR ( 'NONE', #21, 1000.000000000000000 ) ;
#582 =( REPRESENTATION_RELATIONSHIP ('NONE','NONE', #772, #1068 ) REPRESENTATION_RELATIONSHIP_WITH_TRANSFORMATION ( #607 )SHAPE_REPRESENTATION_RELATIONSHIP( ) );
#583 = LINE ( 'NONE', #1481, #1263 ) ;
#584 = EDGE_CURVE ( 'NONE', #1470, #670, #1313, .T. ) ;
#585 = ORIENTED_EDGE ( 'NONE', *, *, #925, .T. ) ;
#586 = LINE ( 'NONE', #79, #908 ) ;
#587 = FILL_AREA_STYLE_COLOUR ( '', #381 ) ;
#588 = EDGE_LOOP ( 'NONE', ( #728, #47, #118, #37 ) ) ;
#589 = CARTESIAN_POINT ( 'NONE',  ( 70.00000000000000000, 110.0000000000000142, 0.000000000000000000 ) ) ;
#590 = DIRECTION ( 'NONE',  ( 1.000000000000000000, 0.000000000000000000, 0.000000000000000000 ) ) ;
#591 = EDGE_LOOP ( 'NONE', ( #624, #297, #218, #455 ) ) ;
#592 = ADVANCED_FACE ( 'NONE', ( #1419 ), #516, .T. ) ;
#593 = SURFACE_STYLE_USAGE ( .BOTH. , #1661 ) ;
#594 = DIRECTION ( 'NONE',  ( 1.000000000000000000, 1.734723475976813997E-16, 0.000000000000000000 ) ) ;
#595 = VERTEX_POINT ( 'NONE', #247 ) ;
#596 = ADVANCED_FACE ( 'NONE', ( #1568, #1162, #146, #1447, #920, #259 ), #128, .T. ) ;
#597 = DIRECTION ( 'NONE',  ( 0.000000000000000000, 1.000000000000000000, 0.000000000000000000 ) ) ;
#598 = ADVANCED_FACE ( 'NONE', ( #769 ), #535, .F. ) ;
#599 = DIRECTION ( 'NONE',  ( -1.000000000000000000, -1.387778780781445676E-16, 0.000000000000000000 ) ) ;
#600 = CARTESIAN_POINT ( 'NONE',  ( -3.469446951953614189E-14, 200.0000000000000000, 10.00000000000000000 ) ) ;
#601 = ORIENTED_EDGE ( 'NONE', *, *, #1276, .T. ) ;
#602 = DIRECTION ( 'NONE',  ( 1.000000000000000000, 1.734723475976813997E-16, 0.000000000000000000 ) ) ;
#603 = ORIENTED_EDGE ( 'NONE', *, *, #170, .F. ) ;
#604 = AXIS2_PLACEMENT_3D ( 'NONE', #620, #1546, #1030 ) ;
#605 = LINE ( 'NONE', #622, #299 ) ;
#606 = AXIS2_PLACEMENT_3D ( 'NONE', #1442, #906, #1432 ) ;
#607 = ITEM_DEFINED_TRANSFORMATION ( 'NONE', 'NONE', #692,  #1322 ) ;
#608 = MECHANICAL_DESIGN_GEOMETRIC_PRESENTATION_REPRESENTATION (  '', ( #1348 ), #987 ) ;
#609 =( NAMED_UNIT ( * ) SI_UNIT ( $, .STERADIAN. ) SOLID_ANGLE_UNIT ( ) );
#610 = ORIENTED_EDGE ( 'NONE', *, *, #1076, .F. ) ;
#611 = AXIS2_PLACEMENT_3D ( 'NONE', #1527, #1541, #363 ) ;
#612 = FACE_OUTER_BOUND ( 'NONE', #776, .T. ) ;
#613 = ORIENTED_EDGE ( 'NONE', *, *, #202, .T. ) ;
#614 = DIRECTION ( 'NONE',  ( 1.261617073437677999E-16, -1.000000000000000000, 0.000000000000000000 ) ) ;
#615 = VECTOR ( 'NONE', #32, 1000.000000000000000 ) ;
#616 = ADVANCED_FACE ( 'NONE', ( #638 ), #1413, .T. ) ;
#617 = CARTESIAN_POINT ( 'NONE',  ( 79.99999999999995737, 200.0000000000000000, 10.00000000000000000 ) ) ;
#618 = VERTEX_POINT ( 'NONE', #506 ) ;
#619 = DIRECTION ( 'NONE',  ( 0.000000000000000000, 1.000000000000000000, 0.000000000000000000 ) ) ;
#620 = CARTESIAN_POINT ( 'NONE',  ( 0.000000000000000000, 200.0000000000000000, 10.00000000000000000 ) ) ;
#621 = ORIENTED_EDGE ( 'NONE', *, *, #1617, .F. ) ;
#622 = CARTESIAN_POINT ( 'NONE',  ( 50.00000000000000711, -99.99999999999998579, 0.000000000000000000 ) ) ;
#623 = ADVANCED_FACE ( 'NONE', ( #1193 ), #168, .F. ) ;
#624 = ORIENTED_EDGE ( 'NONE', *, *, #717, .T. ) ;
#625 = DIRECTION ( 'NONE',  ( 0.000000000000000000, 0.000000000000000000, 1.000000000000000000 ) ) ;
#626 = ORIENTED_EDGE ( 'NONE', *, *, #973, .T. ) ;
#627 = DIRECTION ( 'NONE',  ( 1.000000000000000000, 1.734723475976813997E-16, -0.000000000000000000 ) ) ;
#628 = CIRCLE ( 'NONE', #169, 10.99999999999999645 ) ;
#629 =( LENGTH_UNIT ( ) NAMED_UNIT ( * ) SI_UNIT ( .MILLI., .METRE. ) );
#630 = CIRCLE ( 'NONE', #1402, 1.250000000000001110 ) ;
#631 = VECTOR ( 'NONE', #538, 1000.000000000000000 ) ;
#632 = AXIS2_PLACEMENT_3D ( 'NONE', #69, #417, #1613 ) ;
#633 = CARTESIAN_POINT ( 'NONE',  ( 0.000000000000000000, 0.000000000000000000, 0.000000000000000000 ) ) ;
#634 = ORIENTED_EDGE ( 'NONE', *, *, #800, .T. ) ;
#635 = EDGE_CURVE ( 'NONE', #253, #258, #704, .T. ) ;
#636 = FACE_BOUND ( 'NONE', #1247, .T. ) ;
#637 = ORIENTED_EDGE ( 'NONE', *, *, #1131, .F. ) ;
#638 = FACE_OUTER_BOUND ( 'NONE', #1171, .T. ) ;
#639 = VECTOR ( 'NONE', #10, 1000.000000000000000 ) ;
#640 = ORIENTED_EDGE ( 'NONE', *, *, #1140, .F. ) ;
#641 = CARTESIAN_POINT ( 'NONE',  ( 28.99999999999998934, 55.00000000000000000, 10.00000000000000000 ) ) ;
#642 = EDGE_CURVE ( 'NONE', #1566, #783, #46, .T. ) ;
#643 = EDGE_LOOP ( 'NONE', ( #1562, #291, #154, #42 ) ) ;
#644 = DIRECTION ( 'NONE',  ( 0.000000000000000000, 0.000000000000000000, -1.000000000000000000 ) ) ;
#645 = LINE ( 'NONE', #786, #581 ) ;
#646 = EDGE_CURVE ( 'NONE', #373, #1518, #1227, .T. ) ;
#647 = ADVANCED_FACE ( 'NONE', ( #679 ), #1219, .F. ) ;
#648 = CARTESIAN_POINT ( 'NONE',  ( 50.99999999999997868, 55.00000000000000000, 0.000000000000000000 ) ) ;
#649 = VERTEX_POINT ( 'NONE', #292 ) ;
#650 = CARTESIAN_POINT ( 'NONE',  ( 50.00000000000000711, -99.99999999999998579, -80.00000000000000000 ) ) ;
#651 = ORIENTED_EDGE ( 'NONE', *, *, #721, .T. ) ;
#652 = DIRECTION ( 'NONE',  ( 1.000000000000000000, 0.000000000000000000, 0.000000000000000000 ) ) ;
#653 = DIRECTION ( 'NONE',  ( -0.000000000000000000, -0.000000000000000000, -1.000000000000000000 ) ) ;
#654 = EDGE_CURVE ( 'NONE', #33, #394, #571, .T. ) ;
#655 = MECHANICAL_DESIGN_GEOMETRIC_PRESENTATION_REPRESENTATION (  '', ( #248 ), #902 ) ;
#656 = FILL_AREA_STYLE_COLOUR ( '', #1345 ) ;
#657 = DIRECTION ( 'NONE',  ( 0.000000000000000000, -0.000000000000000000, 1.000000000000000000 ) ) ;
#658 = CLOSED_SHELL ( 'NONE', ( #1382, #567, #1665, #448, #55, #503, #970, #766 ) ) ;
#659 = VECTOR ( 'NONE', #195, 1000.000000000000000 ) ;
#660 = CARTESIAN_POINT ( 'NONE',  ( 19.99999999999999645, -29.50000000000000711, -55.49999999999989342 ) ) ;
#661 = ORIENTED_EDGE ( 'NONE', *, *, #1177, .T. ) ;
#662 = CARTESIAN_POINT ( 'NONE',  ( 30.00000000000000000, -10.00000000000006928, -80.00000000000000000 ) ) ;
#663 = LINE ( 'NONE', #1292, #793 ) ;
#664 = VECTOR ( 'NONE', #153, 1000.000000000000000 ) ;
#665 = EDGE_CURVE ( 'NONE', #1663, #845, #416, .T. ) ;
#666 = CARTESIAN_POINT ( 'NONE',  ( 20.00000000000000355, -47.50000000000000711, -40.00000000000000000 ) ) ;
#667 = DIRECTION ( 'NONE',  ( 0.000000000000000000, 1.000000000000000000, 0.000000000000000000 ) ) ;
#668 = ADVANCED_FACE ( 'NONE', ( #50 ), #432, .F. ) ;
#669 = LINE ( 'NONE', #514, #664 ) ;
#670 = VERTEX_POINT ( 'NONE', #563 ) ;
#671 = DIRECTION ( 'NONE',  ( 0.000000000000000000, 0.000000000000000000, 1.000000000000000000 ) ) ;
#672 = ORIENTED_EDGE ( 'NONE', *, *, #1152, .T. ) ;
#673 = LINE ( 'NONE', #1335, #764 ) ;
#674 = DIRECTION ( 'NONE',  ( 0.000000000000000000, 0.000000000000000000, 1.000000000000000000 ) ) ;
#675 = EDGE_CURVE ( 'NONE', #1537, #706, #835, .T. ) ;
#676 = CARTESIAN_POINT ( 'NONE',  ( 28.00000000000000355, -45.00000000000000711, -40.00000000000000000 ) ) ;
#677 = CARTESIAN_POINT ( 'NONE',  ( 30.00000000000000000, 190.0000000000000000, 10.00000000000000000 ) ) ;
#678 = ORIENTED_EDGE ( 'NONE', *, *, #348, .F. ) ;
#679 = FACE_OUTER_BOUND ( 'NONE', #1271, .T. ) ;
#680 = ORIENTED_EDGE ( 'NONE', *, *, #78, .T. ) ;
#681 = LINE ( 'NONE', #45, #1511 ) ;
#682 = DIRECTION ( 'NONE',  ( -1.000000000000000000, -1.734723475976807094E-16, 0.000000000000000000 ) ) ;
#683 = CARTESIAN_POINT ( 'NONE',  ( 30.00000000000000711, -59.25000000000000000, -55.50000000000000000 ) ) ;
#684 = PRESENTATION_LAYER_ASSIGNMENT (  '', '', ( #1123 ) ) ;
#685 = ORIENTED_EDGE ( 'NONE', *, *, #351, .T. ) ;
#686 = DIRECTION ( 'NONE',  ( 1.000000000000000000, 0.000000000000000000, 0.000000000000000000 ) ) ;
#687 = VECTOR ( 'NONE', #714, 1000.000000000000000 ) ;
#688 = FACE_OUTER_BOUND ( 'NONE', #89, .T. ) ;
#689 = ORIENTED_EDGE ( 'NONE', *, *, #1386, .F. ) ;
#690 = PRESENTATION_LAYER_ASSIGNMENT (  '', '', ( #1348 ) ) ;
#691 = DIRECTION ( 'NONE',  ( -0.000000000000000000, -0.000000000000000000, -1.000000000000000000 ) ) ;
#692 = AXIS2_PLACEMENT_3D ( 'NONE', #1112, #1644, #808 ) ;
#693 = CARTESIAN_POINT ( 'NONE',  ( 50.00000000000001421, 120.0000000000000142, 10.00000000000000000 ) ) ;
#694 = LINE ( 'NONE', #1217, #98 ) ;
#695 = ORIENTED_EDGE ( 'NONE', *, *, #174, .F. ) ;
#696 = DIRECTION ( 'NONE',  ( -1.000000000000000000, 0.000000000000000000, -0.000000000000000000 ) ) ;
#697 = ADVANCED_FACE ( 'NONE', ( #1476 ), #413, .F. ) ;
#698 = DIRECTION ( 'NONE',  ( 0.000000000000000000, 1.000000000000000000, 0.000000000000000000 ) ) ;
#699 = ORIENTED_EDGE ( 'NONE', *, *, #1231, .T. ) ;
#700 = CARTESIAN_POINT ( 'NONE',  ( 39.99999999999997868, 55.00000000000000000, 10.00000000000000000 ) ) ;
#701 = FACE_OUTER_BOUND ( 'NONE', #1312, .T. ) ;
#702 = FACE_OUTER_BOUND ( 'NONE', #318, .T. ) ;
#703 = EDGE_LOOP ( 'NONE', ( #9, #1341, #434, #1426, #842, #1493, #1158, #834 ) ) ;
#704 = LINE ( 'NONE', #1080, #99 ) ;
#705 = DIRECTION ( 'NONE',  ( 1.000000000000000000, 1.734723475976813997E-16, 0.000000000000000000 ) ) ;
#706 = VERTEX_POINT ( 'NONE', #1490 ) ;
#707 = DIRECTION ( 'NONE',  ( -3.854941057726238467E-17, -1.000000000000000000, -0.000000000000000000 ) ) ;
#708 = CARTESIAN_POINT ( 'NONE',  ( 0.000000000000000000, 0.000000000000000000, 0.000000000000000000 ) ) ;
#709 = DIRECTION ( 'NONE',  ( -1.000000000000000000, 0.000000000000000000, 0.000000000000000000 ) ) ;
#710 = AXIS2_PLACEMENT_3D ( 'NONE', #220, #1257, #1381 ) ;
#711 = ORIENTED_EDGE ( 'NONE', *, *, #1002, .F. ) ;
#712 = CARTESIAN_POINT ( 'NONE',  ( 30.00000000000000000, -10.00000000000006573, 0.000000000000000000 ) ) ;
#713 = CARTESIAN_POINT ( 'NONE',  ( 70.00000000000000000, 110.0000000000000142, 10.00000000000000000 ) ) ;
#714 = DIRECTION ( 'NONE',  ( 1.000000000000000000, 1.734723475976813997E-16, -0.000000000000000000 ) ) ;
#715 = AXIS2_PLACEMENT_3D ( 'NONE', #28, #627, #388 ) ;
#716 = DIRECTION ( 'NONE',  ( 1.734723475976807094E-16, -1.000000000000000000, -0.000000000000000000 ) ) ;
#717 = EDGE_CURVE ( 'NONE', #1502, #977, #1293, .T. ) ;
#718 = CARTESIAN_POINT ( 'NONE',  ( -23.98983565223972292, -110.5330028603615773, 1000.000000000007731 ) ) ;
#719 = FILL_AREA_STYLE_COLOUR ( '', #1096 ) ;
#720 = ORIENTED_EDGE ( 'NONE', *, *, #421, .T. ) ;
#721 = EDGE_CURVE ( 'NONE', #795, #33, #310, .T. ) ;
#722 = DIRECTION ( 'NONE',  ( 1.000000000000000000, 1.734723475976813997E-16, -0.000000000000000000 ) ) ;
#723 = CARTESIAN_POINT ( 'NONE',  ( 0.000000000000000000, 0.000000000000000000, -80.00000000000000000 ) ) ;
#724 = ADVANCED_FACE ( 'NONE', ( #796 ), #1200, .F. ) ;
#725 = VERTEX_POINT ( 'NONE', #1359 ) ;
#726 = LINE ( 'NONE', #1532, #1540 ) ;
#727 = CARTESIAN_POINT ( 'NONE',  ( 28.99999999999998934, 55.00000000000000000, 10.00000000000000000 ) ) ;
#728 = ORIENTED_EDGE ( 'NONE', *, *, #392, .F. ) ;
#729 = DIRECTION ( 'NONE',  ( -1.000000000000000000, -0.000000000000000000, -0.000000000000000000 ) ) ;
#730 = DIRECTION ( 'NONE',  ( -1.000000000000000000, 3.854941057726238467E-17, 0.000000000000000000 ) ) ;
#731 = EDGE_LOOP ( 'NONE', ( #765, #945, #1331, #839 ) ) ;
#732 = LINE ( 'NONE', #1147, #408 ) ;
#733 = SHAPE_REPRESENTATION ( 'base_pared', ( #1322 ), #507 ) ;
#734 = APPLICATION_PROTOCOL_DEFINITION ( 'draft international standard', 'automotive_design', 1998, #1225 ) ;
#735 = DIRECTION ( 'NONE',  ( 1.000000000000000000, 1.734723475976813997E-16, -0.000000000000000000 ) ) ;
#736 = ORIENTED_EDGE ( 'NONE', *, *, #1414, .F. ) ;
#737 =( NAMED_UNIT ( * ) SI_UNIT ( $, .STERADIAN. ) SOLID_ANGLE_UNIT ( ) );
#738 = LINE ( 'NONE', #510, #1454 ) ;
#739 = ADVANCED_FACE ( 'NONE', ( #1453 ), #1584, .F. ) ;
#740 = VERTEX_POINT ( 'NONE', #1340 ) ;
#741 = AXIS2_PLACEMENT_3D ( 'NONE', #886, #730, #1021 ) ;
#742 = DIRECTION ( 'NONE',  ( 1.000000000000000000, 1.982541115402066589E-16, 0.000000000000000000 ) ) ;
#743 = CIRCLE ( 'NONE', #232, 1.249999999999997558 ) ;
#744 = AXIS2_PLACEMENT_3D ( 'NONE', #379, #140, #1578 ) ;
#745 = ORIENTED_EDGE ( 'NONE', *, *, #1005, .T. ) ;
#746 = PRODUCT_DEFINITION_FORMATION_WITH_SPECIFIED_SOURCE ( 'ANY', '', #521, .NOT_KNOWN. ) ;
#747 = DIRECTION ( 'NONE',  ( -0.000000000000000000, -0.000000000000000000, -1.000000000000000000 ) ) ;
#748 = ORIENTED_EDGE ( 'NONE', *, *, #517, .F. ) ;
#749 = EDGE_CURVE ( 'NONE', #1555, #966, #823, .T. ) ;
#750 = LINE ( 'NONE', #1138, #1480 ) ;
#751 =( LENGTH_UNIT ( ) NAMED_UNIT ( * ) SI_UNIT ( .MILLI., .METRE. ) );
#752 = ORIENTED_EDGE ( 'NONE', *, *, #105, .T. ) ;
#753 = UNCERTAINTY_MEASURE_WITH_UNIT (LENGTH_MEASURE( 1.000000000000000082E-05 ), #306, 'distance_accuracy_value', 'NONE');
#754 = VERTEX_POINT ( 'NONE', #282 ) ;
#755 = DIRECTION ( 'NONE',  ( -0.000000000000000000, 0.000000000000000000, -1.000000000000000000 ) ) ;
#756 = ITEM_DEFINED_TRANSFORMATION ( 'NONE', 'NONE', #1463,  #1322 ) ;
#757 = VERTEX_POINT ( 'NONE', #425 ) ;
#758 = FACE_BOUND ( 'NONE', #1553, .T. ) ;
#759 = EDGE_LOOP ( 'NONE', ( #352, #496 ) ) ;
#760 = CARTESIAN_POINT ( 'NONE',  ( 50.00000000000001421, 110.0000000000000142, 10.00000000000000000 ) ) ;
#761 = VECTOR ( 'NONE', #1299, 1000.000000000000000 ) ;
#762 = VECTOR ( 'NONE', #1235, 1000.000000000000000 ) ;
#763 = EDGE_CURVE ( 'NONE', #783, #1566, #389, .T. ) ;
#764 = VECTOR ( 'NONE', #946, 1000.000000000000000 ) ;
#765 = ORIENTED_EDGE ( 'NONE', *, *, #523, .F. ) ;
#766 = ADVANCED_FACE ( 'NONE', ( #450 ), #208, .F. ) ;
#767 = DIRECTION ( 'NONE',  ( 1.000000000000000000, 1.734723475976813997E-16, -0.000000000000000000 ) ) ;
#768 = ORIENTED_EDGE ( 'NONE', *, *, #1455, .T. ) ;
#769 = FACE_OUTER_BOUND ( 'NONE', #1070, .T. ) ;
#770 = VECTOR ( 'NONE', #561, 1000.000000000000000 ) ;
#771 = EDGE_CURVE ( 'NONE', #1289, #1393, #586, .T. ) ;
#772 = SHAPE_REPRESENTATION ( 'Base_link', ( #307, #1463, #692, #209, #911, #180 ), #939 ) ;
#773 = CARTESIAN_POINT ( 'NONE',  ( 79.99999999999998579, 0.000000000000000000, 0.000000000000000000 ) ) ;
#774 = ORIENTED_EDGE ( 'NONE', *, *, #954, .T. ) ;
#775 = DIRECTION ( 'NONE',  ( 1.387778780781445676E-16, -1.000000000000000000, 0.000000000000000000 ) ) ;
#776 = EDGE_LOOP ( 'NONE', ( #893, #276, #1264, #404 ) ) ;
#777 = DIRECTION ( 'NONE',  ( 1.000000000000000000, 1.982541115402066589E-16, -0.000000000000000000 ) ) ;
#778 = CARTESIAN_POINT ( 'NONE',  ( 30.00000000000000000, -28.25000000000000711, -55.49999999999989342 ) ) ;
#779 = MANIFOLD_SOLID_BREP ( 'Cortar-Extruir2', #335 ) ;
#780 = FACE_OUTER_BOUND ( 'NONE', #838, .T. ) ;
#781 = DIRECTION ( 'NONE',  ( 1.000000000000000000, 1.982541115402066589E-16, 0.000000000000000000 ) ) ;
#782 = CARTESIAN_POINT ( 'NONE',  ( 50.00000000000001421, 110.0000000000000142, 10.00000000000000000 ) ) ;
#783 = VERTEX_POINT ( 'NONE', #985 ) ;
#784 = CARTESIAN_POINT ( 'NONE',  ( 30.00000000000000000, -28.25000000000000355, -24.49999999999989342 ) ) ;
#785 = EDGE_CURVE ( 'NONE', #207, #859, #1405, .T. ) ;
#786 = CARTESIAN_POINT ( 'NONE',  ( 20.00000000000000355, -47.50000000000000711, -40.00000000000000000 ) ) ;
#787 = CIRCLE ( 'NONE', #228, 1.249999999999997558 ) ;
#788 = CARTESIAN_POINT ( 'NONE',  ( 50.00000000000000711, -99.99999999999998579, -80.00000000000000000 ) ) ;
#789 = CIRCLE ( 'NONE', #606, 11.00000000000000355 ) ;
#790 = FACE_OUTER_BOUND ( 'NONE', #35, .T. ) ;
#791 = VECTOR ( 'NONE', #1572, 1000.000000000000000 ) ;
#792 = VECTOR ( 'NONE', #716, 1000.000000000000000 ) ;
#793 = VECTOR ( 'NONE', #653, 1000.000000000000000 ) ;
#794 = LINE ( 'NONE', #251, #639 ) ;
#795 = VERTEX_POINT ( 'NONE', #1108 ) ;
#796 = FACE_OUTER_BOUND ( 'NONE', #1542, .T. ) ;
#797 = VERTEX_POINT ( 'NONE', #853 ) ;
#798 = CARTESIAN_POINT ( 'NONE',  ( 0.000000000000000000, 0.000000000000000000, 10.00000000000000000 ) ) ;
#799 = DIRECTION ( 'NONE',  ( -0.000000000000000000, -0.000000000000000000, -1.000000000000000000 ) ) ;
#800 = EDGE_CURVE ( 'NONE', #1666, #740, #1366, .T. ) ;
#801 = AXIS2_PLACEMENT_3D ( 'NONE', #540, #1035, #280 ) ;
#802 = CYLINDRICAL_SURFACE ( 'NONE', #1102, 10.00000000000000178 ) ;
#803 = ORIENTED_EDGE ( 'NONE', *, *, #1243, .F. ) ;
#804 = CARTESIAN_POINT ( 'NONE',  ( 30.00000000000000000, 190.0000000000000000, 0.000000000000000000 ) ) ;
#805 = ORIENTED_EDGE ( 'NONE', *, *, #166, .T. ) ;
#806 = DIRECTION ( 'NONE',  ( -1.000000000000000000, 0.000000000000000000, 0.000000000000000000 ) ) ;
#807 = EDGE_CURVE ( 'NONE', #845, #812, #487, .T. ) ;
#808 = DIRECTION ( 'NONE',  ( 1.000000000000000000, 0.000000000000000000, 0.000000000000000000 ) ) ;
#809 = ORIENTED_EDGE ( 'NONE', *, *, #807, .F. ) ;
#810 = EDGE_LOOP ( 'NONE', ( #426, #1079, #513, #237 ) ) ;
#811 = DIRECTION ( 'NONE',  ( 0.000000000000000000, -0.000000000000000000, 1.000000000000000000 ) ) ;
#812 = VERTEX_POINT ( 'NONE', #712 ) ;
#813 = CARTESIAN_POINT ( 'NONE',  ( 0.000000000000000000, 0.000000000000000000, 0.000000000000000000 ) ) ;
#814 = APPLICATION_CONTEXT ( 'automotive_design' ) ;
#815 = CARTESIAN_POINT ( 'NONE',  ( 0.000000000000000000, 0.000000000000000000, 0.000000000000000000 ) ) ;
#816 = CARTESIAN_POINT ( 'NONE',  ( 0.000000000000000000, 0.000000000000000000, 10.00000000000000000 ) ) ;
#817 = AXIS2_PLACEMENT_3D ( 'NONE', #999, #1, #1655 ) ;
#818 = ADVANCED_FACE ( 'NONE', ( #1654 ), #319, .F. ) ;
#819 = PRODUCT_DEFINITION_CONTEXT ( 'detailed design', #1139, 'design' ) ;
#820 = VECTOR ( 'NONE', #1077, 1000.000000000000000 ) ;
#821 = ORIENTED_EDGE ( 'NONE', *, *, #846, .T. ) ;
#822 = PRODUCT_DEFINITION_SHAPE ( 'NONE', 'NONE',  #1676 ) ;
#823 = LINE ( 'NONE', #1351, #1043 ) ;
#824 = AXIS2_PLACEMENT_3D ( 'NONE', #1098, #1630, #1499 ) ;
#825 = VECTOR ( 'NONE', #134, 1000.000000000000000 ) ;
#826 = EDGE_CURVE ( 'NONE', #1393, #706, #458, .T. ) ;
#827 = DIRECTION ( 'NONE',  ( 0.000000000000000000, 1.000000000000000000, 0.000000000000000000 ) ) ;
#828 = ORIENTED_EDGE ( 'NONE', *, *, #1571, .F. ) ;
#829 = COLOUR_RGB ( '',0.7921568627450980005, 0.8196078431372548767, 0.9333333333333333481 ) ;
#830 = CARTESIAN_POINT ( 'NONE',  ( 40.00000000000000711, -80.00000000000001421, -80.00000000000000000 ) ) ;
#831 = ADVANCED_FACE ( 'NONE', ( #1506 ), #340, .F. ) ;
#832 = CARTESIAN_POINT ( 'NONE',  ( 30.00000000000000711, -61.75000000000001421, -55.50000000000000000 ) ) ;
#833 = CARTESIAN_POINT ( 'NONE',  ( 0.000000000000000000, 0.000000000000000000, 10.00000000000000000 ) ) ;
#834 = ORIENTED_EDGE ( 'NONE', *, *, #170, .T. ) ;
#835 = LINE ( 'NONE', #1333, #965 ) ;
#836 = FACE_OUTER_BOUND ( 'NONE', #196, .T. ) ;
#837 = ADVANCED_FACE ( 'NONE', ( #860 ), #216, .F. ) ;
#838 = EDGE_LOOP ( 'NONE', ( #110, #900, #249, #1279 ) ) ;
#839 = ORIENTED_EDGE ( 'NONE', *, *, #125, .T. ) ;
#840 = DIRECTION ( 'NONE',  ( 0.000000000000000000, -0.000000000000000000, -1.000000000000000000 ) ) ;
#841 = CARTESIAN_POINT ( 'NONE',  ( 40.00000000000000711, -90.00000000000000000, -80.00000000000000000 ) ) ;
#842 = ORIENTED_EDGE ( 'NONE', *, *, #1131, .T. ) ;
#843 = DIRECTION ( 'NONE',  ( 1.000000000000000000, 1.734723475976813997E-16, 0.000000000000000000 ) ) ;
#844 = CARTESIAN_POINT ( 'NONE',  ( 70.00000000000000000, 110.0000000000000142, 10.00000000000000000 ) ) ;
#845 = VERTEX_POINT ( 'NONE', #1394 ) ;
#846 = EDGE_CURVE ( 'NONE', #555, #570, #630, .T. ) ;
#847 = SHAPE_REPRESENTATION ( 'base_tapa', ( #1322 ), #994 ) ;
#848 = CYLINDRICAL_SURFACE ( 'NONE', #1622, 9.999999999999994671 ) ;
#849 = ADVANCED_FACE ( 'NONE', ( #780 ), #1057, .T. ) ;
#850 = DIRECTION ( 'NONE',  ( -0.000000000000000000, -1.000000000000000000, -0.000000000000000000 ) ) ;
#851 = VECTOR ( 'NONE', #955, 1000.000000000000000 ) ;
#852 = VERTEX_POINT ( 'NONE', #666 ) ;
#853 = CARTESIAN_POINT ( 'NONE',  ( 20.00000000000000355, -59.25000000000000711, -24.50000000000000000 ) ) ;
#854 = CARTESIAN_POINT ( 'NONE',  ( 70.00000000000001421, -2.449293598294702569E-15, 0.000000000000000000 ) ) ;
#855 = ORIENTED_EDGE ( 'NONE', *, *, #898, .T. ) ;
#856 = VECTOR ( 'NONE', #667, 1000.000000000000000 ) ;
#857 = DIRECTION ( 'NONE',  ( -0.000000000000000000, -0.000000000000000000, -1.000000000000000000 ) ) ;
#858 = CARTESIAN_POINT ( 'NONE',  ( 0.000000000000000000, 0.000000000000000000, 0.000000000000000000 ) ) ;
#859 = VERTEX_POINT ( 'NONE', #263 ) ;
#860 = FACE_OUTER_BOUND ( 'NONE', #1044, .T. ) ;
#861 = LINE ( 'NONE', #564, #1370 ) ;
#862 = ORIENTED_EDGE ( 'NONE', *, *, #1458, .T. ) ;
#863 = CARTESIAN_POINT ( 'NONE',  ( 40.00000000000000000, 190.0000000000000000, 10.00000000000000000 ) ) ;
#864 =( NAMED_UNIT ( * ) SI_UNIT ( $, .STERADIAN. ) SOLID_ANGLE_UNIT ( ) );
#865 = EDGE_CURVE ( 'NONE', #1240, #618, #1579, .T. ) ;
#866 = CARTESIAN_POINT ( 'NONE',  ( 79.99999999999997158, 110.0000000000000000, 0.000000000000000000 ) ) ;
#867 = ORIENTED_EDGE ( 'NONE', *, *, #1002, .T. ) ;
#868 = DIRECTION ( 'NONE',  ( -0.000000000000000000, -0.000000000000000000, -1.000000000000000000 ) ) ;
#869 = PLANE ( 'NONE',  #550 ) ;
#870 = ORIENTED_EDGE ( 'NONE', *, *, #1386, .T. ) ;
#871 = MANIFOLD_SOLID_BREP ( 'Saliente-Extruir1', #1291 ) ;
#872 = DIRECTION ( 'NONE',  ( 0.000000000000000000, 0.000000000000000000, 1.000000000000000000 ) ) ;
#873 = PRODUCT_CONTEXT ( 'NONE', #814, 'mechanical' ) ;
#874 = ORIENTED_EDGE ( 'NONE', *, *, #584, .T. ) ;
#875 = EDGE_CURVE ( 'NONE', #258, #956, #789, .T. ) ;
#876 = DIRECTION ( 'NONE',  ( 0.000000000000000000, 0.000000000000000000, 1.000000000000000000 ) ) ;
#877 = VECTOR ( 'NONE', #1649, 1000.000000000000000 ) ;
#878 = LINE ( 'NONE', #365, #519 ) ;
#879 = AXIS2_PLACEMENT_3D ( 'NONE', #788, #1308, #406 ) ;
#880 = AXIS2_PLACEMENT_3D ( 'NONE', #288, #179, #1338 ) ;
#881 = DIRECTION ( 'NONE',  ( 0.000000000000000000, -0.000000000000000000, -1.000000000000000000 ) ) ;
#882 = VECTOR ( 'NONE', #1504, 1000.000000000000000 ) ;
#883 = AXIS2_PLACEMENT_3D ( 'NONE', #700, #172, #43 ) ;
#884 = CONTEXT_DEPENDENT_SHAPE_REPRESENTATION ( #1201, #412 ) ;
#885 = ORIENTED_EDGE ( 'NONE', *, *, #1258, .T. ) ;
#886 = CARTESIAN_POINT ( 'NONE',  ( 20.00000000000000355, -99.99999999999998579, -80.00000000000000000 ) ) ;
#887 = ORIENTED_EDGE ( 'NONE', *, *, #469, .F. ) ;
#888 = DIRECTION ( 'NONE',  ( 0.000000000000000000, 0.000000000000000000, -1.000000000000000000 ) ) ;
#889 = ADVANCED_FACE ( 'NONE', ( #23 ), #1327, .T. ) ;
#890 = DIRECTION ( 'NONE',  ( -3.154042683594193641E-16, 1.000000000000000000, 0.000000000000000000 ) ) ;
#891 = CONTEXT_DEPENDENT_SHAPE_REPRESENTATION ( #1081, #822 ) ;
#892 = EDGE_LOOP ( 'NONE', ( #1522, #1478, #601, #234 ) ) ;
#893 = ORIENTED_EDGE ( 'NONE', *, *, #785, .T. ) ;
#894 = DIRECTION ( 'NONE',  ( -1.000000000000000000, -0.000000000000000000, -0.000000000000000000 ) ) ;
#895 = ADVANCED_FACE ( 'NONE', ( #419 ), #1318, .F. ) ;
#896 = EDGE_CURVE ( 'NONE', #740, #373, #1468, .T. ) ;
#897 = ORIENTED_EDGE ( 'NONE', *, *, #1560, .F. ) ;
#898 = EDGE_CURVE ( 'NONE', #1046, #1528, #930, .T. ) ;
#899 = CARTESIAN_POINT ( 'NONE',  ( 20.00000000000000711, -10.00000000000000178, -80.00000000000000000 ) ) ;
#900 = ORIENTED_EDGE ( 'NONE', *, *, #284, .F. ) ;
#901 = DIRECTION ( 'NONE',  ( -1.982541115402066589E-16, 1.000000000000000000, 0.000000000000000000 ) ) ;
#902 =( GEOMETRIC_REPRESENTATION_CONTEXT ( 3 ) GLOBAL_UNCERTAINTY_ASSIGNED_CONTEXT ( ( #1636 ) ) GLOBAL_UNIT_ASSIGNED_CONTEXT ( ( #980, #441, #1014 ) ) REPRESENTATION_CONTEXT ( 'NONE', 'WORKASPACE' ) );
#903 = ORIENTED_EDGE ( 'NONE', *, *, #979, .T. ) ;
#904 = CARTESIAN_POINT ( 'NONE',  ( 0.000000000000000000, 0.000000000000000000, 0.000000000000000000 ) ) ;
#905 = STYLED_ITEM ( 'NONE', ( #922 ), #871 ) ;
#906 = DIRECTION ( 'NONE',  ( 1.000000000000000000, 1.982541115402066589E-16, 0.000000000000000000 ) ) ;
#907 = CIRCLE ( 'NONE', #1407, 1.250000000000007994 ) ;
#908 = VECTOR ( 'NONE', #868, 1000.000000000000000 ) ;
#909 = ORIENTED_EDGE ( 'NONE', *, *, #150, .F. ) ;
#910 = DIRECTION ( 'NONE',  ( -1.000000000000000000, -1.387778780781445676E-16, 0.000000000000000000 ) ) ;
#911 = AXIS2_PLACEMENT_3D ( 'NONE', #1659, #599, #474 ) ;
#912 = ORIENTED_EDGE ( 'NONE', *, *, #1093, .F. ) ;
#913 = CARTESIAN_POINT ( 'NONE',  ( 0.000000000000000000, 0.000000000000000000, 10.00000000000000000 ) ) ;
#914 = DIRECTION ( 'NONE',  ( 0.000000000000000000, 1.000000000000000000, 0.000000000000000000 ) ) ;
#915 = LINE ( 'NONE', #957, #1156 ) ;
#916 = CARTESIAN_POINT ( 'NONE',  ( 30.00000000000000711, -60.50000000000000711, -55.50000000000000000 ) ) ;
#917 = EDGE_CURVE ( 'NONE', #670, #1502, #1195, .T. ) ;
#918 = DIRECTION ( 'NONE',  ( -0.000000000000000000, -0.000000000000000000, -1.000000000000000000 ) ) ;
#919 = ORIENTED_EDGE ( 'NONE', *, *, #1140, .T. ) ;
#920 = FACE_BOUND ( 'NONE', #342, .T. ) ;
#921 = CARTESIAN_POINT ( 'NONE',  ( 79.99999999999995737, 200.0000000000000000, 0.000000000000000000 ) ) ;
#922 = PRESENTATION_STYLE_ASSIGNMENT (( #1050 ) ) ;
#923 = CARTESIAN_POINT ( 'NONE',  ( 0.000000000000000000, -10.00000000000000355, -80.00000000000000000 ) ) ;
#924 = DIRECTION ( 'NONE',  ( 0.000000000000000000, 1.000000000000000000, 0.000000000000000000 ) ) ;
#925 = EDGE_CURVE ( 'NONE', #1410, #364, #391, .T. ) ;
#926 = ORIENTED_EDGE ( 'NONE', *, *, #348, .T. ) ;
#927 = DIRECTION ( 'NONE',  ( 1.000000000000000000, 1.734723475976813997E-16, -0.000000000000000000 ) ) ;
#928 = VERTEX_POINT ( 'NONE', #648 ) ;
#929 = AXIS2_PLACEMENT_3D ( 'NONE', #229, #742, #890 ) ;
#930 = LINE ( 'NONE', #141, #204 ) ;
#931 = VECTOR ( 'NONE', #1134, 1000.000000000000000 ) ;
#932 = CARTESIAN_POINT ( 'NONE',  ( 20.00000000000000355, -45.00000000000000711, -40.00000000000000000 ) ) ;
#933 = AXIS2_PLACEMENT_3D ( 'NONE', #1439, #755, #1304 ) ;
#934 = CARTESIAN_POINT ( 'NONE',  ( 79.99999999999998579, 0.000000000000000000, 10.00000000000000000 ) ) ;
#935 = VERTEX_POINT ( 'NONE', #941 ) ;
#936 = DIRECTION ( 'NONE',  ( 0.000000000000000000, 1.000000000000000000, 0.000000000000000000 ) ) ;
#937 = ORIENTED_EDGE ( 'NONE', *, *, #520, .F. ) ;
#938 = LINE ( 'NONE', #54, #362 ) ;
#939 =( GEOMETRIC_REPRESENTATION_CONTEXT ( 3 ) GLOBAL_UNCERTAINTY_ASSIGNED_CONTEXT ( ( #1600 ) ) GLOBAL_UNIT_ASSIGNED_CONTEXT ( ( #629, #1391, #491 ) ) REPRESENTATION_CONTEXT ( 'NONE', 'WORKASPACE' ) );
#940 = ADVANCED_FACE ( 'NONE', ( #1170 ), #1597, .F. ) ;
#941 = CARTESIAN_POINT ( 'NONE',  ( 28.00000000000000355, -47.50000000000000711, -40.00000000000000000 ) ) ;
#942 = LINE ( 'NONE', #816, #820 ) ;
#943 = ORIENTED_EDGE ( 'NONE', *, *, #166, .F. ) ;
#944 = DIRECTION ( 'NONE',  ( 1.000000000000000000, 0.000000000000000000, 0.000000000000000000 ) ) ;
#945 = ORIENTED_EDGE ( 'NONE', *, *, #1256, .F. ) ;
#946 = DIRECTION ( 'NONE',  ( 0.000000000000000000, 0.000000000000000000, 1.000000000000000000 ) ) ;
#947 = EDGE_CURVE ( 'NONE', #795, #1056, #1033, .T. ) ;
#948 = DIRECTION ( 'NONE',  ( -1.000000000000000000, -0.000000000000000000, -0.000000000000000000 ) ) ;
#949 =( NAMED_UNIT ( * ) PLANE_ANGLE_UNIT ( ) SI_UNIT ( $, .RADIAN. ) );
#950 = DIRECTION ( 'NONE',  ( -1.000000000000000000, 0.000000000000000000, -0.000000000000000000 ) ) ;
#951 = EDGE_CURVE ( 'NONE', #1167, #1502, #915, .T. ) ;
#952 = EDGE_LOOP ( 'NONE', ( #371, #1161 ) ) ;
#953 = CARTESIAN_POINT ( 'NONE',  ( 30.00000000000000711, -60.50000000000000711, -24.50000000000000000 ) ) ;
#954 = EDGE_CURVE ( 'NONE', #1604, #534, #193, .T. ) ;
#955 = DIRECTION ( 'NONE',  ( -1.000000000000000000, -0.000000000000000000, -0.000000000000000000 ) ) ;
#956 = VERTEX_POINT ( 'NONE', #1222 ) ;
#957 = CARTESIAN_POINT ( 'NONE',  ( 40.00000000000000000, 190.0000000000000000, 10.00000000000000000 ) ) ;
#958 = VECTOR ( 'NONE', #1118, 1000.000000000000000 ) ;
#959 = DIRECTION ( 'NONE',  ( -0.000000000000000000, 0.000000000000000000, -1.000000000000000000 ) ) ;
#960 = VECTOR ( 'NONE', #1016, 1000.000000000000000 ) ;
#961 = ADVANCED_FACE ( 'NONE', ( #568, #83 ), #305, .T. ) ;
#962 = VECTOR ( 'NONE', #85, 1000.000000000000000 ) ;
#963 = ORIENTED_EDGE ( 'NONE', *, *, #865, .T. ) ;
#964 = DIRECTION ( 'NONE',  ( 0.000000000000000000, 0.000000000000000000, -1.000000000000000000 ) ) ;
#965 = VECTOR ( 'NONE', #1061, 1000.000000000000000 ) ;
#966 = VERTEX_POINT ( 'NONE', #454 ) ;
#967 = CARTESIAN_POINT ( 'NONE',  ( 20.00000000000000355, -61.75000000000001421, -55.50000000000000000 ) ) ;
#968 = DIRECTION ( 'NONE',  ( 0.000000000000000000, -0.000000000000000000, -1.000000000000000000 ) ) ;
#969 = VERTEX_POINT ( 'NONE', #1354 ) ;
#970 = ADVANCED_FACE ( 'NONE', ( #701 ), #445, .F. ) ;
#971 = LINE ( 'NONE', #1620, #1287 ) ;
#972 = EDGE_LOOP ( 'NONE', ( #885, #1531, #49, #1489 ) ) ;
#973 = EDGE_CURVE ( 'NONE', #375, #1393, #203, .T. ) ;
#974 = CARTESIAN_POINT ( 'NONE',  ( -2.775557561562891351E-14, 110.0000000000000000, 10.00000000000000000 ) ) ;
#975 =( NAMED_UNIT ( * ) SI_UNIT ( $, .STERADIAN. ) SOLID_ANGLE_UNIT ( ) );
#976 = CARTESIAN_POINT ( 'NONE',  ( 40.00000000000000711, -90.00000000000000000, 0.000000000000000000 ) ) ;
#977 = VERTEX_POINT ( 'NONE', #56 ) ;
#978 = DIRECTION ( 'NONE',  ( -1.000000000000000000, 0.000000000000000000, 0.000000000000000000 ) ) ;
#979 = EDGE_CURVE ( 'NONE', #595, #555, #583, .T. ) ;
#980 =( LENGTH_UNIT ( ) NAMED_UNIT ( * ) SI_UNIT ( .MILLI., .METRE. ) );
#981 = DIRECTION ( 'NONE',  ( -1.000000000000000000, 0.000000000000000000, 0.000000000000000000 ) ) ;
#982 = CARTESIAN_POINT ( 'NONE',  ( 28.00000000000000000, -34.00000000000000000, -40.00000000000000000 ) ) ;
#983 = VECTOR ( 'NONE', #1492, 1000.000000000000000 ) ;
#984 = VERTEX_POINT ( 'NONE', #832 ) ;
#985 = CARTESIAN_POINT ( 'NONE',  ( 30.00000000000000711, -59.25000000000000711, -24.50000000000000000 ) ) ;
#986 = LINE ( 'NONE', #854, #548 ) ;
#987 =( GEOMETRIC_REPRESENTATION_CONTEXT ( 3 ) GLOBAL_UNCERTAINTY_ASSIGNED_CONTEXT ( ( #116 ) ) GLOBAL_UNIT_ASSIGNED_CONTEXT ( ( #94, #355, #737 ) ) REPRESENTATION_CONTEXT ( 'NONE', 'WORKASPACE' ) );
#988 = VERTEX_POINT ( 'NONE', #1643 ) ;
#989 = AXIS2_PLACEMENT_3D ( 'NONE', #532, #1052, #1469 ) ;
#990 = AXIS2_PLACEMENT_3D ( 'NONE', #189, #1212, #40 ) ;
#991 = CARTESIAN_POINT ( 'NONE',  ( 39.99999999999997868, 55.00000000000000000, 0.000000000000000000 ) ) ;
#992 = DIRECTION ( 'NONE',  ( -1.000000000000000000, -1.734723475976807094E-16, 0.000000000000000000 ) ) ;
#993 = LINE ( 'NONE', #858, #1672 ) ;
#994 =( GEOMETRIC_REPRESENTATION_CONTEXT ( 3 ) GLOBAL_UNCERTAINTY_ASSIGNED_CONTEXT ( ( #1357 ) ) GLOBAL_UNIT_ASSIGNED_CONTEXT ( ( #446, #287, #1086 ) ) REPRESENTATION_CONTEXT ( 'NONE', 'WORKASPACE' ) );
#995 = APPLICATION_CONTEXT ( 'automotive_design' ) ;
#996 = PLANE ( 'NONE',  #611 ) ;
#997 = ORIENTED_EDGE ( 'NONE', *, *, #896, .F. ) ;
#998 = DIRECTION ( 'NONE',  ( -1.000000000000000000, -0.000000000000000000, -0.000000000000000000 ) ) ;
#999 = CARTESIAN_POINT ( 'NONE',  ( 39.99999999999997868, 55.00000000000000000, 10.00000000000000000 ) ) ;
#1000 = ORIENTED_EDGE ( 'NONE', *, *, #1360, .T. ) ;
#1001 = PLANE ( 'NONE',  #710 ) ;
#1002 = EDGE_CURVE ( 'NONE', #570, #555, #524, .T. ) ;
#1003 = APPLICATION_PROTOCOL_DEFINITION ( 'draft international standard', 'automotive_design', 1998, #995 ) ;
#1004 = EDGE_LOOP ( 'NONE', ( #294, #1015, #1609, #1261 ) ) ;
#1005 = EDGE_CURVE ( 'NONE', #354, #331, #743, .T. ) ;
#1006 = CARTESIAN_POINT ( 'NONE',  ( 20.00000000000000355, -45.00000000000000711, -40.00000000000000000 ) ) ;
#1007 = CARTESIAN_POINT ( 'NONE',  ( 79.99999999999998579, 0.000000000000000000, 0.000000000000000000 ) ) ;
#1008 = PRODUCT_DEFINITION ( 'UNKNOWN', '', #1603, #819 ) ;
#1009 = ORIENTED_EDGE ( 'NONE', *, *, #523, .T. ) ;
#1010 = DIRECTION ( 'NONE',  ( 1.000000000000000000, 1.734723475976813997E-16, 0.000000000000000000 ) ) ;
#1011 = DIRECTION ( 'NONE',  ( 1.000000000000000000, 0.000000000000000000, 0.000000000000000000 ) ) ;
#1012 = VERTEX_POINT ( 'NONE', #1623 ) ;
#1013 = VECTOR ( 'NONE', #1288, 1000.000000000000000 ) ;
#1014 =( NAMED_UNIT ( * ) SI_UNIT ( $, .STERADIAN. ) SOLID_ANGLE_UNIT ( ) );
#1015 = ORIENTED_EDGE ( 'NONE', *, *, #309, .T. ) ;
#1016 = DIRECTION ( 'NONE',  ( 1.000000000000000000, -3.498990854706716582E-17, -0.000000000000000000 ) ) ;
#1017 = CIRCLE ( 'NONE', #1626, 10.99999999999999645 ) ;
#1018 = AXIS2_PLACEMENT_3D ( 'NONE', #830, #691, #1342 ) ;
#1019 = PRODUCT_CONTEXT ( 'NONE', #995, 'mechanical' ) ;
#1020 = ORIENTED_EDGE ( 'NONE', *, *, #1306, .F. ) ;
#1021 = DIRECTION ( 'NONE',  ( -3.854941057726238467E-17, -1.000000000000000000, 0.000000000000000000 ) ) ;
#1022 = EDGE_CURVE ( 'NONE', #68, #1646, #461, .T. ) ;
#1023 = ORIENTED_EDGE ( 'NONE', *, *, #917, .T. ) ;
#1024 = CARTESIAN_POINT ( 'NONE',  ( 0.000000000000000000, 0.000000000000000000, 10.00000000000000000 ) ) ;
#1025 = DIRECTION ( 'NONE',  ( -1.000000000000000000, -1.982541115402066589E-16, -0.000000000000000000 ) ) ;
#1026 = EDGE_CURVE ( 'NONE', #1575, #1418, #1091, .T. ) ;
#1027 = DIRECTION ( 'NONE',  ( 1.000000000000000000, 0.000000000000000000, 0.000000000000000000 ) ) ;
#1028 = VERTEX_POINT ( 'NONE', #558 ) ;
#1029 = UNCERTAINTY_MEASURE_WITH_UNIT (LENGTH_MEASURE( 1.000000000000000082E-05 ), #1144, 'distance_accuracy_value', 'NONE');
#1030 = DIRECTION ( 'NONE',  ( 0.000000000000000000, -0.000000000000000000, -1.000000000000000000 ) ) ;
#1031 = EDGE_LOOP ( 'NONE', ( #1194, #1146 ) ) ;
#1032 = LINE ( 'NONE', #1548, #1319 ) ;
#1033 = LINE ( 'NONE', #518, #1179 ) ;
#1034 = VERTEX_POINT ( 'NONE', #967 ) ;
#1035 = DIRECTION ( 'NONE',  ( 1.000000000000000000, 1.734723475976813997E-16, -0.000000000000000000 ) ) ;
#1036 = ORIENTED_EDGE ( 'NONE', *, *, #642, .F. ) ;
#1037 = DIRECTION ( 'NONE',  ( 1.000000000000000000, 0.000000000000000000, 0.000000000000000000 ) ) ;
#1038 = AXIS2_PLACEMENT_3D ( 'NONE', #1524, #1010, #597 ) ;
#1039 = EDGE_CURVE ( 'NONE', #649, #1229, #1363, .T. ) ;
#1040 = PRESENTATION_LAYER_ASSIGNMENT (  '', '', ( #905 ) ) ;
#1041 = DIRECTION ( 'NONE',  ( 0.000000000000000000, 0.000000000000000000, 1.000000000000000000 ) ) ;
#1042 = VECTOR ( 'NONE', #944, 1000.000000000000000 ) ;
#1043 = VECTOR ( 'NONE', #671, 1000.000000000000000 ) ;
#1044 = EDGE_LOOP ( 'NONE', ( #1606, #1325, #867, #460 ) ) ;
#1045 = DIRECTION ( 'NONE',  ( 1.000000000000000000, 1.734723475976813997E-16, 0.000000000000000000 ) ) ;
#1046 = VERTEX_POINT ( 'NONE', #1232 ) ;
#1047 = LINE ( 'NONE', #760, #1598 ) ;
#1048 = APPLICATION_CONTEXT ( 'automotive_design' ) ;
#1049 = AXIS2_PLACEMENT_3D ( 'NONE', #650, #1183, #257 ) ;
#1050 = SURFACE_STYLE_USAGE ( .BOTH. , #1180 ) ;
#1051 = EDGE_CURVE ( 'NONE', #928, #1028, #1017, .T. ) ;
#1052 = DIRECTION ( 'NONE',  ( -0.000000000000000000, -0.000000000000000000, -1.000000000000000000 ) ) ;
#1053 = DIRECTION ( 'NONE',  ( 1.000000000000000000, 1.734723475976813997E-16, -0.000000000000000000 ) ) ;
#1054 = ORIENTED_EDGE ( 'NONE', *, *, #1302, .T. ) ;
#1055 = DIRECTION ( 'NONE',  ( 0.000000000000000000, 1.000000000000000000, 0.000000000000000000 ) ) ;
#1056 = VERTEX_POINT ( 'NONE', #815 ) ;
#1057 = PLANE ( 'NONE',  #879 ) ;
#1058 = PLANE ( 'NONE',  #124 ) ;
#1059 = LINE ( 'NONE', #934, #393 ) ;
#1060 = ORIENTED_EDGE ( 'NONE', *, *, #244, .F. ) ;
#1061 = DIRECTION ( 'NONE',  ( -0.000000000000000000, -0.000000000000000000, -1.000000000000000000 ) ) ;
#1062 = ORIENTED_EDGE ( 'NONE', *, *, #22, .T. ) ;
#1063 = AXIS2_PLACEMENT_3D ( 'NONE', #370, #1277, #881 ) ;
#1064 = DIRECTION ( 'NONE',  ( -1.387778780781445676E-16, 1.000000000000000000, 0.000000000000000000 ) ) ;
#1065 = AXIS2_PLACEMENT_3D ( 'NONE', #151, #1188, #806 ) ;
#1066 = DIRECTION ( 'NONE',  ( 0.000000000000000000, 1.000000000000000000, 0.000000000000000000 ) ) ;
#1067 = AXIS2_PLACEMENT_3D ( 'NONE', #932, #269, #547 ) ;
#1068 = SHAPE_REPRESENTATION ( 'base_arriba', ( #1322 ), #1570 ) ;
#1069 = CARTESIAN_POINT ( 'NONE',  ( 19.99999999999999645, -30.75000000000000711, -55.49999999999989342 ) ) ;
#1070 = EDGE_LOOP ( 'NONE', ( #1368, #748, #603, #27 ) ) ;
#1071 = DIRECTION ( 'NONE',  ( -0.000000000000000000, -0.000000000000000000, -1.000000000000000000 ) ) ;
#1072 = EDGE_CURVE ( 'NONE', #966, #1663, #1103, .T. ) ;
#1073 = ORIENTED_EDGE ( 'NONE', *, *, #925, .F. ) ;
#1074 = ADVANCED_FACE ( 'NONE', ( #324 ), #848, .F. ) ;
#1075 = DIRECTION ( 'NONE',  ( -1.982541115402066589E-16, 1.000000000000000000, 0.000000000000000000 ) ) ;
#1076 = EDGE_CURVE ( 'NONE', #812, #1646, #201, .T. ) ;
#1077 = DIRECTION ( 'NONE',  ( -0.000000000000000000, -0.000000000000000000, -1.000000000000000000 ) ) ;
#1078 = UNCERTAINTY_MEASURE_WITH_UNIT (LENGTH_MEASURE( 1.000000000000000082E-05 ), #751, 'distance_accuracy_value', 'NONE');
#1079 = ORIENTED_EDGE ( 'NONE', *, *, #477, .F. ) ;
#1080 = CARTESIAN_POINT ( 'NONE',  ( 28.00000000000000000, -34.00000000000000000, -40.00000000000000000 ) ) ;
#1081 =( REPRESENTATION_RELATIONSHIP ('NONE','NONE', #772, #733 ) REPRESENTATION_RELATIONSHIP_WITH_TRANSFORMATION ( #1670 )SHAPE_REPRESENTATION_RELATIONSHIP( ) );
#1082 = FILL_AREA_STYLE ('',( #587 ) ) ;
#1083 = ORIENTED_EDGE ( 'NONE', *, *, #1543, .F. ) ;
#1084 = CARTESIAN_POINT ( 'NONE',  ( 20.00000000000000355, -61.75000000000001421, -55.50000000000000000 ) ) ;
#1085 = DIRECTION ( 'NONE',  ( 1.000000000000000000, 1.734723475976813997E-16, 0.000000000000000000 ) ) ;
#1086 =( NAMED_UNIT ( * ) SI_UNIT ( $, .STERADIAN. ) SOLID_ANGLE_UNIT ( ) );
#1087 = DIRECTION ( 'NONE',  ( 0.000000000000000000, -0.000000000000000000, 1.000000000000000000 ) ) ;
#1088 = ORIENTED_EDGE ( 'NONE', *, *, #1581, .F. ) ;
#1089 = CARTESIAN_POINT ( 'NONE',  ( 40.00000000000000711, -80.00000000000001421, 0.000000000000000000 ) ) ;
#1090 = ORIENTED_EDGE ( 'NONE', *, *, #356, .F. ) ;
#1091 = LINE ( 'NONE', #1216, #1317 ) ;
#1092 = AXIS2_PLACEMENT_3D ( 'NONE', #1510, #334, #1336 ) ;
#1093 = EDGE_CURVE ( 'NONE', #1137, #364, #681, .T. ) ;
#1094 = LINE ( 'NONE', #187, #962 ) ;
#1095 = AXIS2_PLACEMENT_3D ( 'NONE', #329, #1253, #479 ) ;
#1096 = COLOUR_RGB ( '',0.7921568627450980005, 0.8196078431372548767, 0.9333333333333333481 ) ;
#1097 = ORIENTED_EDGE ( 'NONE', *, *, #584, .F. ) ;
#1098 = CARTESIAN_POINT ( 'NONE',  ( 39.99999999999997868, 55.00000000000000000, 10.00000000000000000 ) ) ;
#1099 = VECTOR ( 'NONE', #1343, 1000.000000000000000 ) ;
#1100 = VECTOR ( 'NONE', #529, 1000.000000000000000 ) ;
#1101 = CARTESIAN_POINT ( 'NONE',  ( 0.000000000000000000, 0.000000000000000000, 10.00000000000000000 ) ) ;
#1102 = AXIS2_PLACEMENT_3D ( 'NONE', #677, #1198, #38 ) ;
#1103 = LINE ( 'NONE', #1634, #882 ) ;
#1104 = DIRECTION ( 'NONE',  ( 1.000000000000000000, 0.000000000000000000, 0.000000000000000000 ) ) ;
#1105 = CARTESIAN_POINT ( 'NONE',  ( -2.775557561562891351E-14, 110.0000000000000000, 10.00000000000000000 ) ) ;
#1106 = EDGE_CURVE ( 'NONE', #754, #797, #1592, .T. ) ;
#1107 = ORIENTED_EDGE ( 'NONE', *, *, #150, .T. ) ;
#1108 = CARTESIAN_POINT ( 'NONE',  ( 0.000000000000000000, 0.000000000000000000, -80.00000000000000000 ) ) ;
#1109 = SURFACE_STYLE_FILL_AREA ( #1082 ) ;
#1110 = EDGE_LOOP ( 'NONE', ( #1668, #1060, #1226, #1590 ) ) ;
#1111 = CARTESIAN_POINT ( 'NONE',  ( 0.000000000000000000, 0.000000000000000000, 10.00000000000000000 ) ) ;
#1112 = CARTESIAN_POINT ( 'NONE',  ( -23.98983565223971581, -110.5330028603615915, 1060.000000000007958 ) ) ;
#1113 = SURFACE_STYLE_USAGE ( .BOTH. , #120 ) ;
#1114 = VERTEX_POINT ( 'NONE', #1538 ) ;
#1115 = PRESENTATION_STYLE_ASSIGNMENT (( #593 ) ) ;
#1116 = DIRECTION ( 'NONE',  ( 1.000000000000000000, -3.498990854706716582E-17, -0.000000000000000000 ) ) ;
#1117 = ORIENTED_EDGE ( 'NONE', *, *, #351, .F. ) ;
#1118 = DIRECTION ( 'NONE',  ( -2.973811673103098158E-16, 1.000000000000000000, -0.000000000000000000 ) ) ;
#1119 = SHAPE_DEFINITION_REPRESENTATION ( #7, #847 ) ;
#1120 = CARTESIAN_POINT ( 'NONE',  ( 20.00000000000000355, -59.25000000000000711, -24.50000000000000000 ) ) ;
#1121 = VECTOR ( 'NONE', #1213, 1000.000000000000000 ) ;
#1122 = ORIENTED_EDGE ( 'NONE', *, *, #1326, .F. ) ;
#1123 = STYLED_ITEM ( 'NONE', ( #1356 ), #219 ) ;
#1124 = PLANE ( 'NONE',  #741 ) ;
#1125 =( GEOMETRIC_REPRESENTATION_CONTEXT ( 3 ) GLOBAL_UNCERTAINTY_ASSIGNED_CONTEXT ( ( #1029 ) ) GLOBAL_UNIT_ASSIGNED_CONTEXT ( ( #1144, #380, #268 ) ) REPRESENTATION_CONTEXT ( 'NONE', 'WORKASPACE' ) );
#1126 = ORIENTED_EDGE ( 'NONE', *, *, #6, .F. ) ;
#1127 = VECTOR ( 'NONE', #652, 1000.000000000000000 ) ;
#1128 = ADVANCED_FACE ( 'NONE', ( #1397 ), #359, .F. ) ;
#1129 = AXIS2_PLACEMENT_3D ( 'NONE', #576, #224, #978 ) ;
#1130 = DIRECTION ( 'NONE',  ( 1.000000000000000000, 0.000000000000000000, 0.000000000000000000 ) ) ;
#1131 = EDGE_CURVE ( 'NONE', #1470, #1167, #107, .T. ) ;
#1132 = EDGE_CURVE ( 'NONE', #956, #258, #121, .T. ) ;
#1133 = ORIENTED_EDGE ( 'NONE', *, *, #1051, .F. ) ;
#1134 = DIRECTION ( 'NONE',  ( -1.982541115402066589E-16, 1.000000000000000000, -0.000000000000000000 ) ) ;
#1135 = AXIS2_PLACEMENT_3D ( 'NONE', #660, #1438, #1444 ) ;
#1136 = CARTESIAN_POINT ( 'NONE',  ( 70.00000000000000000, 110.0000000000000142, 0.000000000000000000 ) ) ;
#1137 = VERTEX_POINT ( 'NONE', #617 ) ;
#1138 = CARTESIAN_POINT ( 'NONE',  ( 0.000000000000000000, 0.000000000000000000, 0.000000000000000000 ) ) ;
#1139 = APPLICATION_CONTEXT ( 'automotive_design' ) ;
#1140 = EDGE_CURVE ( 'NONE', #1229, #1410, #750, .T. ) ;
#1141 = APPLICATION_PROTOCOL_DEFINITION ( 'draft international standard', 'automotive_design', 1998, #1048 ) ;
#1142 = FACE_BOUND ( 'NONE', #759, .T. ) ;
#1143 = EDGE_LOOP ( 'NONE', ( #1358, #1585, #160, #245 ) ) ;
#1144 =( LENGTH_UNIT ( ) NAMED_UNIT ( * ) SI_UNIT ( .MILLI., .METRE. ) );
#1145 = DIRECTION ( 'NONE',  ( 0.000000000000000000, 1.000000000000000000, 0.000000000000000000 ) ) ;
#1146 = ORIENTED_EDGE ( 'NONE', *, *, #1132, .F. ) ;
#1147 = CARTESIAN_POINT ( 'NONE',  ( 30.00000000000000000, 200.0000000000000000, 10.00000000000000000 ) ) ;
#1148 = CONTEXT_DEPENDENT_SHAPE_REPRESENTATION ( #1436, #302 ) ;
#1149 = ADVANCED_FACE ( 'NONE', ( #1664 ), #470, .F. ) ;
#1150 = ORIENTED_EDGE ( 'NONE', *, *, #366, .F. ) ;
#1151 = AXIS2_PLACEMENT_3D ( 'NONE', #353, #238, #1268 ) ;
#1152 = EDGE_CURVE ( 'NONE', #364, #649, #113, .T. ) ;
#1153 = DIRECTION ( 'NONE',  ( -1.000000000000000000, 0.000000000000000000, 0.000000000000000000 ) ) ;
#1154 = ORIENTED_EDGE ( 'NONE', *, *, #192, .T. ) ;
#1155 = DIRECTION ( 'NONE',  ( -0.000000000000000000, -0.000000000000000000, -1.000000000000000000 ) ) ;
#1156 = VECTOR ( 'NONE', #295, 1000.000000000000000 ) ;
#1157 = PRODUCT_CONTEXT ( 'NONE', #1048, 'mechanical' ) ;
#1158 = ORIENTED_EDGE ( 'NONE', *, *, #1026, .T. ) ;
#1159 = PRODUCT_DEFINITION_FORMATION_WITH_SPECIFIED_SOURCE ( 'ANY', '', #1483, .NOT_KNOWN. ) ;
#1160 = FACE_OUTER_BOUND ( 'NONE', #731, .T. ) ;
#1161 = ORIENTED_EDGE ( 'NONE', *, *, #418, .F. ) ;
#1162 = FACE_BOUND ( 'NONE', #415, .T. ) ;
#1163 = LINE ( 'NONE', #135, #1100 ) ;
#1164 = PRODUCT_DEFINITION_SHAPE ( 'NONE', 'NONE',  #1674 ) ;
#1165 = VERTEX_POINT ( 'NONE', #91 ) ;
#1166 = CARTESIAN_POINT ( 'NONE',  ( -2.775557561562891351E-14, 110.0000000000000000, 10.00000000000000000 ) ) ;
#1167 = VERTEX_POINT ( 'NONE', #863 ) ;
#1168 = CARTESIAN_POINT ( 'NONE',  ( 0.000000000000000000, 0.000000000000000000, 10.00000000000000000 ) ) ;
#1169 = DIRECTION ( 'NONE',  ( 0.000000000000000000, 1.000000000000000000, 0.000000000000000000 ) ) ;
#1170 = FACE_OUTER_BOUND ( 'NONE', #1221, .T. ) ;
#1171 = EDGE_LOOP ( 'NONE', ( #239, #695, #1294, #541, #3, #1464, #188, #1416 ) ) ;
#1172 = CARTESIAN_POINT ( 'NONE',  ( 30.00000000000000000, -10.00000000000006573, -80.00000000000000000 ) ) ;
#1173 = EDGE_LOOP ( 'NONE', ( #1435, #1660 ) ) ;
#1174 = DIRECTION ( 'NONE',  ( 1.000000000000000000, 8.673617379884034239E-17, -0.000000000000000000 ) ) ;
#1175 = AXIS2_PLACEMENT_3D ( 'NONE', #713, #1647, #311 ) ;
#1176 = CARTESIAN_POINT ( 'NONE',  ( 28.00000000000000355, -45.00000000000000711, -40.00000000000000000 ) ) ;
#1177 = EDGE_CURVE ( 'NONE', #618, #14, #605, .T. ) ;
#1178 = VECTOR ( 'NONE', #1443, 1000.000000000000000 ) ;
#1179 = VECTOR ( 'NONE', #1041, 1000.000000000000000 ) ;
#1180 = SURFACE_SIDE_STYLE ('',( #285 ) ) ;
#1181 = AXIS2_PLACEMENT_3D ( 'NONE', #1176, #1025, #1169 ) ;
#1182 = CARTESIAN_POINT ( 'NONE',  ( 50.00000000000000711, -99.99999999999998579, -80.00000000000000000 ) ) ;
#1183 = DIRECTION ( 'NONE',  ( 0.000000000000000000, -1.000000000000000000, 0.000000000000000000 ) ) ;
#1184 = EDGE_LOOP ( 'NONE', ( #241, #1122, #903, #821 ) ) ;
#1185 = CARTESIAN_POINT ( 'NONE',  ( 30.00000000000000000, -30.75000000000000711, -24.49999999999989342 ) ) ;
#1186 = VERTEX_POINT ( 'NONE', #484 ) ;
#1187 = CARTESIAN_POINT ( 'NONE',  ( 28.00000000000000711, -56.00000000000000711, -40.00000000000000000 ) ) ;
#1188 = DIRECTION ( 'NONE',  ( -0.000000000000000000, 0.000000000000000000, -1.000000000000000000 ) ) ;
#1189 = EDGE_CURVE ( 'NONE', #1575, #977, #732, .T. ) ;
#1190 = CARTESIAN_POINT ( 'NONE',  ( 50.00000000000000711, -99.99999999999998579, 0.000000000000000000 ) ) ;
#1191 = CYLINDRICAL_SURFACE ( 'NONE', #801, 2.500000000000002220 ) ;
#1192 = ORIENTED_EDGE ( 'NONE', *, *, #721, .F. ) ;
#1193 = FACE_OUTER_BOUND ( 'NONE', #1557, .T. ) ;
#1194 = ORIENTED_EDGE ( 'NONE', *, *, #875, .F. ) ;
#1195 = LINE ( 'NONE', #36, #1208 ) ;
#1196 = DIRECTION ( 'NONE',  ( 0.000000000000000000, 0.000000000000000000, 1.000000000000000000 ) ) ;
#1197 = EDGE_CURVE ( 'NONE', #1028, #928, #628, .T. ) ;
#1198 = DIRECTION ( 'NONE',  ( -0.000000000000000000, -0.000000000000000000, -1.000000000000000000 ) ) ;
#1199 = ORIENTED_EDGE ( 'NONE', *, *, #1657, .T. ) ;
#1200 = PLANE ( 'NONE',  #1652 ) ;
#1201 =( REPRESENTATION_RELATIONSHIP ('NONE','NONE', #772, #48 ) REPRESENTATION_RELATIONSHIP_WITH_TRANSFORMATION ( #756 )SHAPE_REPRESENTATION_RELATIONSHIP( ) );
#1202 = EDGE_CURVE ( 'NONE', #222, #1186, #490, .T. ) ;
#1203 = ORIENTED_EDGE ( 'NONE', *, *, #73, .F. ) ;
#1204 = ADVANCED_FACE ( 'NONE', ( #1550 ), #1001, .F. ) ;
#1205 = PRESENTATION_LAYER_ASSIGNMENT (  '', '', ( #248 ) ) ;
#1206 = CARTESIAN_POINT ( 'NONE',  ( 30.00000000000000000, -29.50000000000000711, -55.49999999999989342 ) ) ;
#1207 = VECTOR ( 'NONE', #735, 1000.000000000000000 ) ;
#1208 = VECTOR ( 'NONE', #546, 1000.000000000000000 ) ;
#1209 = DIRECTION ( 'NONE',  ( 3.009265538105056020E-32, -1.734723475976807094E-16, 1.000000000000000000 ) ) ;
#1210 = DIRECTION ( 'NONE',  ( 1.000000000000000000, 1.734723475976813997E-16, 0.000000000000000000 ) ) ;
#1211 = AXIS2_PLACEMENT_3D ( 'NONE', #152, #959, #709 ) ;
#1212 = DIRECTION ( 'NONE',  ( -1.000000000000000000, -2.973811673103098158E-16, 0.000000000000000000 ) ) ;
#1213 = DIRECTION ( 'NONE',  ( 2.523234146875355998E-16, -1.000000000000000000, -0.000000000000000000 ) ) ;
#1214 = ORIENTED_EDGE ( 'NONE', *, *, #1501, .T. ) ;
#1215 = PRODUCT_DEFINITION ( 'UNKNOWN', '', #1269, #1372 ) ;
#1216 = CARTESIAN_POINT ( 'NONE',  ( 0.000000000000000000, 200.0000000000000000, 10.00000000000000000 ) ) ;
#1217 = CARTESIAN_POINT ( 'NONE',  ( 70.00000000000000000, 110.0000000000000142, 10.00000000000000000 ) ) ;
#1218 = ORIENTED_EDGE ( 'NONE', *, *, #1106, .F. ) ;
#1219 = CYLINDRICAL_SURFACE ( 'NONE', #304, 11.00000000000000355 ) ;
#1220 = LINE ( 'NONE', #330, #983 ) ;
#1221 = EDGE_LOOP ( 'NONE', ( #457, #1365, #1107, #387 ) ) ;
#1222 = CARTESIAN_POINT ( 'NONE',  ( 30.00000000000001066, -56.00000000000000711, -40.00000000000000000 ) ) ;
#1223 =( NAMED_UNIT ( * ) SI_UNIT ( $, .STERADIAN. ) SOLID_ANGLE_UNIT ( ) );
#1224 = LINE ( 'NONE', #600, #147 ) ;
#1225 = APPLICATION_CONTEXT ( 'automotive_design' ) ;
#1226 = ORIENTED_EDGE ( 'NONE', *, *, #1202, .F. ) ;
#1227 = LINE ( 'NONE', #34, #1042 ) ;
#1228 = DIRECTION ( 'NONE',  ( -1.000000000000000000, -0.000000000000000000, -0.000000000000000000 ) ) ;
#1229 = VERTEX_POINT ( 'NONE', #212 ) ;
#1230 = FACE_OUTER_BOUND ( 'NONE', #1456, .T. ) ;
#1231 = EDGE_CURVE ( 'NONE', #1452, #354, #726, .T. ) ;
#1232 = CARTESIAN_POINT ( 'NONE',  ( 30.00000000000001421, -80.00000000000001421, -80.00000000000000000 ) ) ;
#1233 = AXIS2_PLACEMENT_3D ( 'NONE', #217, #625, #1153 ) ;
#1234 = SHAPE_REPRESENTATION_RELATIONSHIP ( 'NONE' , 'NONE' ,  #1068, #1602 ) ;
#1235 = DIRECTION ( 'NONE',  ( 1.000000000000000000, 1.734723475976813997E-16, -0.000000000000000000 ) ) ;
#1236 = VECTOR ( 'NONE', #1064, 1000.000000000000000 ) ;
#1237 = EDGE_LOOP ( 'NONE', ( #482, #1244, #1671, #452 ) ) ;
#1238 = AXIS2_PLACEMENT_3D ( 'NONE', #1558, #644, #528 ) ;
#1239 = DIRECTION ( 'NONE',  ( -0.000000000000000000, -0.000000000000000000, -1.000000000000000000 ) ) ;
#1240 = VERTEX_POINT ( 'NONE', #96 ) ;
#1241 = DIRECTION ( 'NONE',  ( -0.000000000000000000, -0.000000000000000000, -1.000000000000000000 ) ) ;
#1242 = DIRECTION ( 'NONE',  ( 0.000000000000000000, 0.000000000000000000, 1.000000000000000000 ) ) ;
#1243 = EDGE_CURVE ( 'NONE', #439, #1034, #498, .T. ) ;
#1244 = ORIENTED_EDGE ( 'NONE', *, *, #675, .F. ) ;
#1245 = FILL_AREA_STYLE_COLOUR ( '', #829 ) ;
#1246 = CARTESIAN_POINT ( 'NONE',  ( 0.000000000000000000, 0.000000000000000000, 10.00000000000000000 ) ) ;
#1247 = EDGE_LOOP ( 'NONE', ( #1214, #680 ) ) ;
#1248 = DIRECTION ( 'NONE',  ( 1.000000000000000000, 1.734723475976813997E-16, -0.000000000000000000 ) ) ;
#1249 = DIRECTION ( 'NONE',  ( 0.000000000000000000, 0.000000000000000000, 1.000000000000000000 ) ) ;
#1250 = FILL_AREA_STYLE ('',( #719 ) ) ;
#1251 = ORIENTED_EDGE ( 'NONE', *, *, #800, .F. ) ;
#1252 = EDGE_CURVE ( 'NONE', #358, #375, #986, .T. ) ;
#1253 = DIRECTION ( 'NONE',  ( 1.000000000000000000, 1.734723475976813997E-16, -0.000000000000000000 ) ) ;
#1254 = DIRECTION ( 'NONE',  ( 8.673617379884033007E-17, -1.000000000000000000, 0.000000000000000000 ) ) ;
#1255 = VERTEX_POINT ( 'NONE', #67 ) ;
#1256 = EDGE_CURVE ( 'NONE', #33, #757, #199, .T. ) ;
#1257 = DIRECTION ( 'NONE',  ( 1.000000000000000000, 1.734723475976807094E-16, -0.000000000000000000 ) ) ;
#1258 = EDGE_CURVE ( 'NONE', #977, #1114, #861, .T. ) ;
#1259 = SHAPE_DEFINITION_REPRESENTATION ( #398, #1068 ) ;
#1260 = LINE ( 'NONE', #64, #1207 ) ;
#1261 = ORIENTED_EDGE ( 'NONE', *, *, #320, .F. ) ;
#1262 = DIRECTION ( 'NONE',  ( -0.000000000000000000, 0.000000000000000000, -1.000000000000000000 ) ) ;
#1263 = VECTOR ( 'NONE', #62, 1000.000000000000000 ) ;
#1264 = ORIENTED_EDGE ( 'NONE', *, *, #1197, .F. ) ;
#1265 = CARTESIAN_POINT ( 'NONE',  ( 79.99999999999998579, 0.000000000000000000, 10.00000000000000000 ) ) ;
#1266 = AXIS2_PLACEMENT_3D ( 'NONE', #390, #1559, #914 ) ;
#1267 = ADVANCED_FACE ( 'NONE', ( #836 ), #1361, .F. ) ;
#1268 = DIRECTION ( 'NONE',  ( -3.154042683594193641E-16, 1.000000000000000000, 0.000000000000000000 ) ) ;
#1269 = PRODUCT_DEFINITION_FORMATION_WITH_SPECIFIED_SOURCE ( 'ANY', '', #286, .NOT_KNOWN. ) ;
#1270 = PRODUCT_CONTEXT ( 'NONE', #66, 'mechanical' ) ;
#1271 = EDGE_LOOP ( 'NONE', ( #678, #339, #1389, #1534 ) ) ;
#1272 = FILL_AREA_STYLE ('',( #1245 ) ) ;
#1273 = AXIS2_PLACEMENT_3D ( 'NONE', #488, #1045, #1601 ) ;
#1274 = FACE_BOUND ( 'NONE', #100, .T. ) ;
#1275 = EDGE_LOOP ( 'NONE', ( #1020, #1547, #115, #963 ) ) ;
#1276 = EDGE_CURVE ( 'NONE', #68, #795, #1387, .T. ) ;
#1277 = DIRECTION ( 'NONE',  ( 0.000000000000000000, -1.000000000000000000, 0.000000000000000000 ) ) ;
#1278 = CONTEXT_DEPENDENT_SHAPE_REPRESENTATION ( #582, #1164 ) ;
#1279 = ORIENTED_EDGE ( 'NONE', *, *, #749, .T. ) ;
#1280 = LINE ( 'NONE', #1384, #70 ) ;
#1281 = ORIENTED_EDGE ( 'NONE', *, *, #223, .T. ) ;
#1282 = DIRECTION ( 'NONE',  ( 3.498990854706716582E-17, 1.000000000000000000, -0.000000000000000000 ) ) ;
#1283 = ADVANCED_FACE ( 'NONE', ( #688 ), #1507, .F. ) ;
#1284 = ITEM_DEFINED_TRANSFORMATION ( 'NONE', 'NONE', #180,  #1322 ) ;
#1285 =( NAMED_UNIT ( * ) PLANE_ANGLE_UNIT ( ) SI_UNIT ( $, .RADIAN. ) );
#1286 = ORIENTED_EDGE ( 'NONE', *, *, #57, .T. ) ;
#1287 = VECTOR ( 'NONE', #1500, 1000.000000000000000 ) ;
#1288 = DIRECTION ( 'NONE',  ( 0.000000000000000000, 0.000000000000000000, 1.000000000000000000 ) ) ;
#1289 = VERTEX_POINT ( 'NONE', #844 ) ;
#1290 = DIRECTION ( 'NONE',  ( 0.000000000000000000, 0.000000000000000000, 1.000000000000000000 ) ) ;
#1291 = CLOSED_SHELL ( 'NONE', ( #1204, #724, #1561, #243, #697, #30 ) ) ;
#1292 = CARTESIAN_POINT ( 'NONE',  ( 0.000000000000000000, 200.0000000000000000, 10.00000000000000000 ) ) ;
#1293 = CIRCLE ( 'NONE', #1431, 10.00000000000000178 ) ;
#1294 = ORIENTED_EDGE ( 'NONE', *, *, #1258, .F. ) ;
#1295 = DIRECTION ( 'NONE',  ( -3.154042683594193641E-16, 1.000000000000000000, 0.000000000000000000 ) ) ;
#1296 = ORIENTED_EDGE ( 'NONE', *, *, #1446, .T. ) ;
#1297 = CARTESIAN_POINT ( 'NONE',  ( 40.00000000000001421, 120.0000000000000142, 10.00000000000000000 ) ) ;
#1298 = DIRECTION ( 'NONE',  ( 1.000000000000000000, 1.982541115402066589E-16, -0.000000000000000000 ) ) ;
#1299 = DIRECTION ( 'NONE',  ( 0.000000000000000000, 0.000000000000000000, 1.000000000000000000 ) ) ;
#1300 = EDGE_LOOP ( 'NONE', ( #685, #1009, #565, #661, #1062, #211, #133, #396, #1461, #768 ) ) ;
#1301 = DIRECTION ( 'NONE',  ( -0.000000000000000000, -0.000000000000000000, -1.000000000000000000 ) ) ;
#1302 = EDGE_CURVE ( 'NONE', #162, #578, #1367, .T. ) ;
#1303 = EDGE_LOOP ( 'NONE', ( #862, #59 ) ) ;
#1304 = DIRECTION ( 'NONE',  ( -1.000000000000000000, 0.000000000000000000, 0.000000000000000000 ) ) ;
#1305 = CYLINDRICAL_SURFACE ( 'NONE', #1266, 1.249999999999997558 ) ;
#1306 = EDGE_CURVE ( 'NONE', #1165, #618, #971, .T. ) ;
#1307 = PRODUCT_RELATED_PRODUCT_CATEGORY ( 'part', '', ( #521 ) ) ;
#1308 = DIRECTION ( 'NONE',  ( 1.000000000000000000, 0.000000000000000000, 0.000000000000000000 ) ) ;
#1309 = ORIENTED_EDGE ( 'NONE', *, *, #2, .F. ) ;
#1310 = APPLICATION_CONTEXT ( 'automotive_design' ) ;
#1311 = DIRECTION ( 'NONE',  ( 1.000000000000000000, 1.982541115402066589E-16, 0.000000000000000000 ) ) ;
#1312 = EDGE_LOOP ( 'NONE', ( #634, #897, #377, #86 ) ) ;
#1313 = LINE ( 'NONE', #1297, #1569 ) ;
#1314 = CIRCLE ( 'NONE', #1424, 1.250000000000001110 ) ;
#1315 = ORIENTED_EDGE ( 'NONE', *, *, #114, .T. ) ;
#1316 = EDGE_CURVE ( 'NONE', #478, #595, #1314, .T. ) ;
#1317 = VECTOR ( 'NONE', #948, 1000.000000000000000 ) ;
#1318 = PLANE ( 'NONE',  #1065 ) ;
#1319 = VECTOR ( 'NONE', #1174, 1000.000000000000000 ) ;
#1320 = PLANE ( 'NONE',  #1211 ) ;
#1321 = CARTESIAN_POINT ( 'NONE',  ( 30.00000000000000000, 200.0000000000000000, 10.00000000000000000 ) ) ;
#1322 = AXIS2_PLACEMENT_3D ( 'NONE', #633, #508, #1027 ) ;
#1323 = EDGE_LOOP ( 'NONE', ( #1648, #1593 ) ) ;
#1324 = DIRECTION ( 'NONE',  ( 1.000000000000000000, 8.673617379884034239E-17, -0.000000000000000000 ) ) ;
#1325 = ORIENTED_EDGE ( 'NONE', *, *, #492, .T. ) ;
#1326 = EDGE_CURVE ( 'NONE', #595, #478, #143, .T. ) ;
#1327 = PLANE ( 'NONE',  #72 ) ;
#1328 = PLANE ( 'NONE',  #580 ) ;
#1329 = ADVANCED_FACE ( 'NONE', ( #52 ), #465, .T. ) ;
#1330 = FACE_OUTER_BOUND ( 'NONE', #591, .T. ) ;
#1331 = ORIENTED_EDGE ( 'NONE', *, *, #654, .T. ) ;
#1332 = PRODUCT ( 'Base_base', 'Base_base', '', ( #1157 ) ) ;
#1333 = CARTESIAN_POINT ( 'NONE',  ( 50.00000000000001421, 110.0000000000000142, 10.00000000000000000 ) ) ;
#1334 = ORIENTED_EDGE ( 'NONE', *, *, #1276, .F. ) ;
#1335 = CARTESIAN_POINT ( 'NONE',  ( 40.00000000000000711, -90.00000000000000000, -80.00000000000000000 ) ) ;
#1336 = DIRECTION ( 'NONE',  ( -1.000000000000000000, 0.000000000000000000, 0.000000000000000000 ) ) ;
#1337 = CARTESIAN_POINT ( 'NONE',  ( -23.98983565223973358, -110.5330028603616057, 1000.000000000007958 ) ) ;
#1338 = DIRECTION ( 'NONE',  ( 0.000000000000000000, 1.000000000000000000, 0.000000000000000000 ) ) ;
#1339 = ORIENTED_EDGE ( 'NONE', *, *, #1350, .F. ) ;
#1340 = CARTESIAN_POINT ( 'NONE',  ( -2.775557561562891351E-14, 110.0000000000000000, 0.000000000000000000 ) ) ;
#1341 = ORIENTED_EDGE ( 'NONE', *, *, #122, .T. ) ;
#1342 = DIRECTION ( 'NONE',  ( 1.000000000000000000, 0.000000000000000000, 0.000000000000000000 ) ) ;
#1343 = DIRECTION ( 'NONE',  ( 0.000000000000000000, 0.000000000000000000, 1.000000000000000000 ) ) ;
#1344 = CIRCLE ( 'NONE', #173, 1.250000000000007994 ) ;
#1345 = COLOUR_RGB ( '',0.7921568627450980005, 0.8196078431372548767, 0.9333333333333333481 ) ;
#1346 = FACE_OUTER_BOUND ( 'NONE', #1629, .T. ) ;
#1347 = AXIS2_PLACEMENT_3D ( 'NONE', #368, #1282, #511 ) ;
#1348 = STYLED_ITEM ( 'NONE', ( #1115 ), #779 ) ;
#1349 = ORIENTED_EDGE ( 'NONE', *, *, #1446, .F. ) ;
#1350 = EDGE_CURVE ( 'NONE', #969, #1666, #1220, .T. ) ;
#1351 = CARTESIAN_POINT ( 'NONE',  ( 50.00000000000000711, -90.00000000000000000, -80.00000000000000000 ) ) ;
#1352 = CARTESIAN_POINT ( 'NONE',  ( 19.99999999999999645, -29.50000000000000711, -24.49999999999989342 ) ) ;
#1353 = ORIENTED_EDGE ( 'NONE', *, *, #473, .T. ) ;
#1354 = CARTESIAN_POINT ( 'NONE',  ( 79.99999999999997158, 110.0000000000000000, 10.00000000000000000 ) ) ;
#1355 = CIRCLE ( 'NONE', #1135, 1.249999999999997558 ) ;
#1356 = PRESENTATION_STYLE_ASSIGNMENT (( #1113 ) ) ;
#1357 = UNCERTAINTY_MEASURE_WITH_UNIT (LENGTH_MEASURE( 1.000000000000000082E-05 ), #446, 'distance_accuracy_value', 'NONE');
#1358 = ORIENTED_EDGE ( 'NONE', *, *, #1177, .F. ) ;
#1359 = CARTESIAN_POINT ( 'NONE',  ( 79.99999999999998579, 0.000000000000000000, 10.00000000000000000 ) ) ;
#1360 = EDGE_CURVE ( 'NONE', #578, #373, #321, .T. ) ;
#1361 = PLANE ( 'NONE',  #1175 ) ;
#1362 = ORIENTED_EDGE ( 'NONE', *, *, #122, .F. ) ;
#1363 = LINE ( 'NONE', #708, #792 ) ;
#1364 = DIRECTION ( 'NONE',  ( 0.000000000000000000, -1.000000000000000000, 0.000000000000000000 ) ) ;
#1365 = ORIENTED_EDGE ( 'NONE', *, *, #1458, .F. ) ;
#1366 = LINE ( 'NONE', #197, #1544 ) ;
#1367 = LINE ( 'NONE', #1101, #1121 ) ;
#1368 = ORIENTED_EDGE ( 'NONE', *, *, #174, .T. ) ;
#1369 = DIRECTION ( 'NONE',  ( 0.000000000000000000, -1.000000000000000000, 0.000000000000000000 ) ) ;
#1370 = VECTOR ( 'NONE', #1228, 1000.000000000000000 ) ;
#1371 = DIRECTION ( 'NONE',  ( -1.000000000000000000, -0.000000000000000000, -0.000000000000000000 ) ) ;
#1372 = PRODUCT_DEFINITION_CONTEXT ( 'detailed design', #1225, 'design' ) ;
#1373 = AXIS2_PLACEMENT_3D ( 'NONE', #1535, #876, #1401 ) ;
#1374 = FACE_OUTER_BOUND ( 'NONE', #431, .T. ) ;
#1375 = MANIFOLD_SOLID_BREP ( 'Saliente-Extruir1', #658 ) ;
#1376 = ORIENTED_EDGE ( 'NONE', *, *, #244, .T. ) ;
#1377 = CARTESIAN_POINT ( 'NONE',  ( 50.00000000000001421, 110.0000000000000142, 0.000000000000000000 ) ) ;
#1378 = VECTOR ( 'NONE', #1298, 1000.000000000000000 ) ;
#1379 = CARTESIAN_POINT ( 'NONE',  ( 19.99999999999999645, -29.50000000000000711, -55.49999999999989342 ) ) ;
#1380 = ORIENTED_EDGE ( 'NONE', *, *, #1433, .T. ) ;
#1381 = DIRECTION ( 'NONE',  ( -1.734723475976807094E-16, 1.000000000000000000, 0.000000000000000000 ) ) ;
#1382 = ADVANCED_FACE ( 'NONE', ( #612 ), #80, .F. ) ;
#1383 = PLANE ( 'NONE',  #385 ) ;
#1384 = CARTESIAN_POINT ( 'NONE',  ( 20.00000000000000355, -59.25000000000000000, -55.50000000000000000 ) ) ;
#1385 = ORIENTED_EDGE ( 'NONE', *, *, #1657, .F. ) ;
#1386 = EDGE_CURVE ( 'NONE', #1452, #988, #787, .T. ) ;
#1387 = LINE ( 'NONE', #190, #851 ) ;
#1388 = ADVANCED_FACE ( 'NONE', ( #1403 ), #111, .F. ) ;
#1389 = ORIENTED_EDGE ( 'NONE', *, *, #635, .T. ) ;
#1390 = DIRECTION ( 'NONE',  ( 1.000000000000000000, -0.000000000000000000, -0.000000000000000000 ) ) ;
#1391 =( NAMED_UNIT ( * ) PLANE_ANGLE_UNIT ( ) SI_UNIT ( $, .RADIAN. ) );
#1392 = CARTESIAN_POINT ( 'NONE',  ( -3.469446951953614189E-14, 200.0000000000000000, 10.00000000000000000 ) ) ;
#1393 = VERTEX_POINT ( 'NONE', #1136 ) ;
#1394 = CARTESIAN_POINT ( 'NONE',  ( 30.00000000000001421, -80.00000000000001421, 0.000000000000000000 ) ) ;
#1395 = CARTESIAN_POINT ( 'NONE',  ( 30.00000000000000000, 190.0000000000000000, 10.00000000000000000 ) ) ;
#1396 = ORIENTED_EDGE ( 'NONE', *, *, #1512, .T. ) ;
#1397 = FACE_OUTER_BOUND ( 'NONE', #1400, .T. ) ;
#1398 = SHAPE_DEFINITION_REPRESENTATION ( #262, #733 ) ;
#1399 = VECTOR ( 'NONE', #433, 1000.000000000000000 ) ;
#1400 = EDGE_LOOP ( 'NONE', ( #1126, #926, #382, #328 ) ) ;
#1401 = DIRECTION ( 'NONE',  ( 1.000000000000000000, 0.000000000000000000, 0.000000000000000000 ) ) ;
#1402 = AXIS2_PLACEMENT_3D ( 'NONE', #1529, #349, #235 ) ;
#1403 = FACE_OUTER_BOUND ( 'NONE', #972, .T. ) ;
#1404 = EDGE_CURVE ( 'NONE', #984, #25, #1564, .T. ) ;
#1405 = CIRCLE ( 'NONE', #824, 10.99999999999999645 ) ;
#1406 = EDGE_LOOP ( 'NONE', ( #1218, #613, #466, #909 ) ) ;
#1407 = AXIS2_PLACEMENT_3D ( 'NONE', #1594, #184, #1479 ) ;
#1408 = CARTESIAN_POINT ( 'NONE',  ( 39.99999999999999289, 190.0000000000000000, 10.00000000000000000 ) ) ;
#1409 = DIRECTION ( 'NONE',  ( 3.009265538105056020E-32, -1.734723475976807094E-16, 1.000000000000000000 ) ) ;
#1410 = VERTEX_POINT ( 'NONE', #1007 ) ;
#1411 = FACE_BOUND ( 'NONE', #1303, .T. ) ;
#1412 = EDGE_LOOP ( 'NONE', ( #610, #191, #1296, #1423 ) ) ;
#1413 = PLANE ( 'NONE',  #933 ) ;
#1414 = EDGE_CURVE ( 'NONE', #859, #928, #878, .T. ) ;
#1415 = APPLICATION_PROTOCOL_DEFINITION ( 'draft international standard', 'automotive_design', 1998, #814 ) ;
#1416 = ORIENTED_EDGE ( 'NONE', *, *, #973, .F. ) ;
#1417 = DIRECTION ( 'NONE',  ( 1.000000000000000000, 1.734723475976813997E-16, 0.000000000000000000 ) ) ;
#1418 = VERTEX_POINT ( 'NONE', #225 ) ;
#1419 = FACE_OUTER_BOUND ( 'NONE', #1412, .T. ) ;
#1420 = EDGE_LOOP ( 'NONE', ( #1054, #123, #1508, #1154 ) ) ;
#1421 = ADVANCED_FACE ( 'NONE', ( #1274, #758, #495, #1411, #636, #504 ), #1124, .T. ) ;
#1422 = SHAPE_REPRESENTATION_RELATIONSHIP ( 'NONE' , 'NONE' ,  #48, #136 ) ;
#1423 = ORIENTED_EDGE ( 'NONE', *, *, #1022, .T. ) ;
#1424 = AXIS2_PLACEMENT_3D ( 'NONE', #1477, #705, #1521 ) ;
#1425 = CARTESIAN_POINT ( 'NONE',  ( 20.00000000000000355, -60.50000000000000711, -24.50000000000000000 ) ) ;
#1426 = ORIENTED_EDGE ( 'NONE', *, *, #356, .T. ) ;
#1427 = PRODUCT_DEFINITION_SHAPE ( 'NONE', 'NONE',  #1008 ) ;
#1428 = CARTESIAN_POINT ( 'NONE',  ( 20.00000000000000000, -10.00000000000000000, -80.00000000000000000 ) ) ;
#1429 = AXIS2_PLACEMENT_3D ( 'NONE', #1607, #164, #1075 ) ;
#1430 = VECTOR ( 'NONE', #435, 1000.000000000000000 ) ;
#1431 = AXIS2_PLACEMENT_3D ( 'NONE', #804, #1465, #1471 ) ;
#1432 = DIRECTION ( 'NONE',  ( -3.154042683594193641E-16, 1.000000000000000000, 0.000000000000000000 ) ) ;
#1433 = EDGE_CURVE ( 'NONE', #439, #25, #1280, .T. ) ;
#1434 = VECTOR ( 'NONE', #767, 1000.000000000000000 ) ;
#1435 = ORIENTED_EDGE ( 'NONE', *, *, #1243, .T. ) ;
#1436 =( REPRESENTATION_RELATIONSHIP ('NONE','NONE', #772, #733 ) REPRESENTATION_RELATIONSHIP_WITH_TRANSFORMATION ( #500 )SHAPE_REPRESENTATION_RELATIONSHIP( ) );
#1437 = ADVANCED_FACE ( 'NONE', ( #1160 ), #376, .T. ) ;
#1438 = DIRECTION ( 'NONE',  ( 1.000000000000000000, 1.734723475976813997E-16, 0.000000000000000000 ) ) ;
#1439 = CARTESIAN_POINT ( 'NONE',  ( 30.00000000000000000, 190.0000000000000000, 0.000000000000000000 ) ) ;
#1440 = EDGE_CURVE ( 'NONE', #1046, #845, #117, .T. ) ;
#1441 = CARTESIAN_POINT ( 'NONE',  ( 0.000000000000000000, -10.00000000000000355, 0.000000000000000000 ) ) ;
#1442 = CARTESIAN_POINT ( 'NONE',  ( 30.00000000000000711, -45.00000000000000711, -40.00000000000000000 ) ) ;
#1443 = DIRECTION ( 'NONE',  ( 1.000000000000000000, -0.000000000000000000, -0.000000000000000000 ) ) ;
#1444 = DIRECTION ( 'NONE',  ( 0.000000000000000000, 1.000000000000000000, 0.000000000000000000 ) ) ;
#1445 = ORIENTED_EDGE ( 'NONE', *, *, #646, .T. ) ;
#1446 = EDGE_CURVE ( 'NONE', #1528, #68, #270, .T. ) ;
#1447 = FACE_BOUND ( 'NONE', #1323, .T. ) ;
#1448 = PRODUCT_DEFINITION ( 'UNKNOWN', '', #746, #1475 ) ;
#1449 = DIRECTION ( 'NONE',  ( -1.000000000000000000, 0.000000000000000000, 0.000000000000000000 ) ) ;
#1450 = FACE_OUTER_BOUND ( 'NONE', #246, .T. ) ;
#1451 = CARTESIAN_POINT ( 'NONE',  ( 79.99999999999998579, 0.000000000000000000, 0.000000000000000000 ) ) ;
#1452 = VERTEX_POINT ( 'NONE', #1552 ) ;
#1453 = FACE_OUTER_BOUND ( 'NONE', #588, .T. ) ;
#1454 = VECTOR ( 'NONE', #1556, 1000.000000000000000 ) ;
#1455 = EDGE_CURVE ( 'NONE', #1646, #1056, #738, .T. ) ;
#1456 = EDGE_LOOP ( 'NONE', ( #279, #312, #522, #272 ) ) ;
#1457 = PRODUCT_DEFINITION_SHAPE ( 'NONE', 'NONE',  #369 ) ;
#1458 = EDGE_CURVE ( 'NONE', #797, #754, #409, .T. ) ;
#1459 = DIRECTION ( 'NONE',  ( -1.982541115402066589E-16, 1.000000000000000000, -0.000000000000000000 ) ) ;
#1460 = CIRCLE ( 'NONE', #1181, 2.500000000000002220 ) ;
#1461 = ORIENTED_EDGE ( 'NONE', *, *, #1076, .T. ) ;
#1462 = CARTESIAN_POINT ( 'NONE',  ( 79.99999999999998579, 0.000000000000000000, 10.00000000000000000 ) ) ;
#1463 = AXIS2_PLACEMENT_3D ( 'NONE', #718, #1242, #590 ) ;
#1464 = ORIENTED_EDGE ( 'NONE', *, *, #8, .F. ) ;
#1465 = DIRECTION ( 'NONE',  ( 0.000000000000000000, 0.000000000000000000, 1.000000000000000000 ) ) ;
#1466 = ORIENTED_EDGE ( 'NONE', *, *, #1316, .T. ) ;
#1467 = DIRECTION ( 'NONE',  ( 1.000000000000000000, 1.734723475976813997E-16, 0.000000000000000000 ) ) ;
#1468 = LINE ( 'NONE', #29, #274 ) ;
#1469 = DIRECTION ( 'NONE',  ( 1.000000000000000000, 0.000000000000000000, 0.000000000000000000 ) ) ;
#1470 = VERTEX_POINT ( 'NONE', #350 ) ;
#1471 = DIRECTION ( 'NONE',  ( -1.000000000000000000, 0.000000000000000000, 0.000000000000000000 ) ) ;
#1472 = ORIENTED_EDGE ( 'NONE', *, *, #418, .T. ) ;
#1473 = DIRECTION ( 'NONE',  ( 0.000000000000000000, 1.000000000000000000, 0.000000000000000000 ) ) ;
#1474 = DIRECTION ( 'NONE',  ( 0.000000000000000000, 1.000000000000000000, 0.000000000000000000 ) ) ;
#1475 = PRODUCT_DEFINITION_CONTEXT ( 'detailed design', #260, 'design' ) ;
#1476 = FACE_OUTER_BOUND ( 'NONE', #449, .T. ) ;
#1477 = CARTESIAN_POINT ( 'NONE',  ( 19.99999999999999645, -29.50000000000000711, -24.49999999999989342 ) ) ;
#1478 = ORIENTED_EDGE ( 'NONE', *, *, #1022, .F. ) ;
#1479 = DIRECTION ( 'NONE',  ( 0.000000000000000000, 1.000000000000000000, 0.000000000000000000 ) ) ;
#1480 = VECTOR ( 'NONE', #1130, 1000.000000000000000 ) ;
#1481 = CARTESIAN_POINT ( 'NONE',  ( 19.99999999999999645, -28.25000000000000711, -24.49999999999989342 ) ) ;
#1482 = AXIS2_PLACEMENT_3D ( 'NONE', #676, #781, #158 ) ;
#1483 = PRODUCT ( 'base_tapa', 'base_tapa', '', ( #92 ) ) ;
#1484 = AXIS2_PLACEMENT_3D ( 'NONE', #1495, #1085, #1473 ) ;
#1485 =( LENGTH_UNIT ( ) NAMED_UNIT ( * ) SI_UNIT ( .MILLI., .METRE. ) );
#1486 = CARTESIAN_POINT ( 'NONE',  ( -2.775557561562891351E-14, 110.0000000000000000, 10.00000000000000000 ) ) ;
#1487 = VECTOR ( 'NONE', #1324, 1000.000000000000000 ) ;
#1488 = ADVANCED_FACE ( 'NONE', ( #1536 ), #869, .F. ) ;
#1489 = ORIENTED_EDGE ( 'NONE', *, *, #1189, .T. ) ;
#1490 = CARTESIAN_POINT ( 'NONE',  ( 50.00000000000001421, 110.0000000000000142, 0.000000000000000000 ) ) ;
#1491 = AXIS2_PLACEMENT_3D ( 'NONE', #1425, #1053, #924 ) ;
#1492 = DIRECTION ( 'NONE',  ( -0.000000000000000000, -0.000000000000000000, -1.000000000000000000 ) ) ;
#1493 = ORIENTED_EDGE ( 'NONE', *, *, #51, .T. ) ;
#1494 = CARTESIAN_POINT ( 'NONE',  ( 20.00000000000000711, -10.00000000000000178, -80.00000000000000000 ) ) ;
#1495 = CARTESIAN_POINT ( 'NONE',  ( 30.00000000000000000, -29.50000000000000711, -24.49999999999989342 ) ) ;
#1496 = LINE ( 'NONE', #326, #659 ) ;
#1497 = ADVANCED_BREP_SHAPE_REPRESENTATION ( '', ( #779, #1322 ), #994 ) ;
#1498 = EDGE_LOOP ( 'NONE', ( #887, #803, #1380, #1286 ) ) ;
#1499 = DIRECTION ( 'NONE',  ( 1.000000000000000000, 0.000000000000000000, 0.000000000000000000 ) ) ;
#1500 = DIRECTION ( 'NONE',  ( -3.854941057726238467E-17, -1.000000000000000000, -0.000000000000000000 ) ) ;
#1501 = EDGE_CURVE ( 'NONE', #424, #852, #109, .T. ) ;
#1502 = VERTEX_POINT ( 'NONE', #423 ) ;
#1503 = LINE ( 'NONE', #313, #129 ) ;
#1504 = DIRECTION ( 'NONE',  ( -1.000000000000000000, -0.000000000000000000, -0.000000000000000000 ) ) ;
#1505 = ORIENTED_EDGE ( 'NONE', *, *, #1509, .T. ) ;
#1506 = FACE_OUTER_BOUND ( 'NONE', #810, .T. ) ;
#1507 = CYLINDRICAL_SURFACE ( 'NONE', #332, 1.249999999999997558 ) ;
#1508 = ORIENTED_EDGE ( 'NONE', *, *, #1581, .T. ) ;
#1509 = EDGE_CURVE ( 'NONE', #253, #1012, #314, .T. ) ;
#1510 = CARTESIAN_POINT ( 'NONE',  ( 20.00000000000000000, -10.00000000000000000, 0.000000000000000000 ) ) ;
#1511 = VECTOR ( 'NONE', #343, 1000.000000000000000 ) ;
#1512 = EDGE_CURVE ( 'NONE', #725, #1410, #1059, .T. ) ;
#1513 = APPLICATION_PROTOCOL_DEFINITION ( 'draft international standard', 'automotive_design', 1998, #1139 ) ;
#1514 = FACE_OUTER_BOUND ( 'NONE', #643, .T. ) ;
#1515 = ADVANCED_FACE ( 'NONE', ( #395 ), #144, .T. ) ;
#1516 = VECTOR ( 'NONE', #729, 1000.000000000000000 ) ;
#1517 = CIRCLE ( 'NONE', #880, 2.500000000000002220 ) ;
#1518 = VERTEX_POINT ( 'NONE', #1451 ) ;
#1519 = CARTESIAN_POINT ( 'NONE',  ( 30.00000000000000000, -10.00000000000006928, 0.000000000000000000 ) ) ;
#1520 = AXIS2_PLACEMENT_3D ( 'NONE', #427, #1467, #453 ) ;
#1521 = DIRECTION ( 'NONE',  ( 0.000000000000000000, 1.000000000000000000, 0.000000000000000000 ) ) ;
#1522 = ORIENTED_EDGE ( 'NONE', *, *, #1455, .F. ) ;
#1523 =( GEOMETRIC_REPRESENTATION_CONTEXT ( 3 ) GLOBAL_UNCERTAINTY_ASSIGNED_CONTEXT ( ( #1078 ) ) GLOBAL_UNIT_ASSIGNED_CONTEXT ( ( #751, #1285, #609 ) ) REPRESENTATION_CONTEXT ( 'NONE', 'WORKASPACE' ) );
#1524 = CARTESIAN_POINT ( 'NONE',  ( 20.00000000000000355, -60.50000000000000711, -24.50000000000000000 ) ) ;
#1525 = SHAPE_DEFINITION_REPRESENTATION ( #1427, #48 ) ;
#1526 = LINE ( 'NONE', #1120, #762 ) ;
#1527 = CARTESIAN_POINT ( 'NONE',  ( 0.000000000000000000, 0.000000000000000000, 0.000000000000000000 ) ) ;
#1528 = VERTEX_POINT ( 'NONE', #265 ) ;
#1529 = CARTESIAN_POINT ( 'NONE',  ( 30.00000000000000000, -29.50000000000000711, -24.49999999999989342 ) ) ;
#1530 = DIRECTION ( 'NONE',  ( 0.000000000000000000, 1.000000000000000000, 0.000000000000000000 ) ) ;
#1531 = ORIENTED_EDGE ( 'NONE', *, *, #293, .F. ) ;
#1532 = CARTESIAN_POINT ( 'NONE',  ( 19.99999999999999645, -28.25000000000001066, -55.49999999999989342 ) ) ;
#1533 = APPLICATION_PROTOCOL_DEFINITION ( 'draft international standard', 'automotive_design', 1998, #260 ) ;
#1534 = ORIENTED_EDGE ( 'NONE', *, *, #875, .T. ) ;
#1535 = CARTESIAN_POINT ( 'NONE',  ( 40.00000000000000711, -80.00000000000001421, -80.00000000000000000 ) ) ;
#1536 = FACE_OUTER_BOUND ( 'NONE', #703, .T. ) ;
#1537 = VERTEX_POINT ( 'NONE', #782 ) ;
#1538 = CARTESIAN_POINT ( 'NONE',  ( 0.000000000000000000, 200.0000000000000000, 0.000000000000000000 ) ) ;
#1539 = APPLICATION_PROTOCOL_DEFINITION ( 'draft international standard', 'automotive_design', 1998, #1310 ) ;
#1540 = VECTOR ( 'NONE', #1248, 1000.000000000000000 ) ;
#1541 = DIRECTION ( 'NONE',  ( 0.000000000000000000, 0.000000000000000000, -1.000000000000000000 ) ) ;
#1542 = EDGE_LOOP ( 'NONE', ( #919, #183, #937, #752 ) ) ;
#1543 = EDGE_CURVE ( 'NONE', #988, #1452, #1355, .T. ) ;
#1544 = VECTOR ( 'NONE', #998, 1000.000000000000000 ) ;
#1545 = AXIS2_PLACEMENT_3D ( 'NONE', #422, #1196, #1587 ) ;
#1546 = DIRECTION ( 'NONE',  ( 0.000000000000000000, -1.000000000000000000, 0.000000000000000000 ) ) ;
#1547 = ORIENTED_EDGE ( 'NONE', *, *, #125, .F. ) ;
#1548 = CARTESIAN_POINT ( 'NONE',  ( 20.00000000000000711, -10.00000000000000178, 0.000000000000000000 ) ) ;
#1549 = CIRCLE ( 'NONE', #744, 9.999999999999994671 ) ;
#1550 = FACE_OUTER_BOUND ( 'NONE', #301, .T. ) ;
#1551 = ORIENTED_EDGE ( 'NONE', *, *, #1039, .T. ) ;
#1552 = CARTESIAN_POINT ( 'NONE',  ( 19.99999999999999645, -28.25000000000001066, -55.49999999999989342 ) ) ;
#1553 = EDGE_LOOP ( 'NONE', ( #870, #1641 ) ) ;
#1554 = LINE ( 'NONE', #1024, #1127 ) ;
#1555 = VERTEX_POINT ( 'NONE', #1582 ) ;
#1556 = DIRECTION ( 'NONE',  ( -1.000000000000000000, -0.000000000000000000, -0.000000000000000000 ) ) ;
#1557 = EDGE_LOOP ( 'NONE', ( #1023, #527, #637, #874 ) ) ;
#1558 = CARTESIAN_POINT ( 'NONE',  ( 0.000000000000000000, 0.000000000000000000, 10.00000000000000000 ) ) ;
#1559 = DIRECTION ( 'NONE',  ( 1.000000000000000000, 1.734723475976813997E-16, -0.000000000000000000 ) ) ;
#1560 = EDGE_CURVE ( 'NONE', #162, #740, #1565, .T. ) ;
#1561 = ADVANCED_FACE ( 'NONE', ( #26 ), #386, .F. ) ;
#1562 = ORIENTED_EDGE ( 'NONE', *, *, #1072, .F. ) ;
#1563 = ADVANCED_FACE ( 'NONE', ( #401 ), #533, .F. ) ;
#1564 = CIRCLE ( 'NONE', #15, 1.250000000000007994 ) ;
#1565 = LINE ( 'NONE', #1166, #615 ) ;
#1566 = VERTEX_POINT ( 'NONE', #271 ) ;
#1567 = PRODUCT ( 'Base_link', 'Base_link', '', ( #1270 ) ) ;
#1568 = FACE_BOUND ( 'NONE', #1031, .T. ) ;
#1569 = VECTOR ( 'NONE', #1155, 1000.000000000000000 ) ;
#1570 =( GEOMETRIC_REPRESENTATION_CONTEXT ( 3 ) GLOBAL_UNCERTAINTY_ASSIGNED_CONTEXT ( ( #549 ) ) GLOBAL_UNIT_ASSIGNED_CONTEXT ( ( #1485, #325, #1223 ) ) REPRESENTATION_CONTEXT ( 'NONE', 'WORKASPACE' ) );
#1571 = EDGE_CURVE ( 'NONE', #1555, #489, #794, .T. ) ;
#1572 = DIRECTION ( 'NONE',  ( 0.000000000000000000, 0.000000000000000000, 1.000000000000000000 ) ) ;
#1573 = LINE ( 'NONE', #317, #770 ) ;
#1574 = PRODUCT_RELATED_PRODUCT_CATEGORY ( 'part', '', ( #286 ) ) ;
#1575 = VERTEX_POINT ( 'NONE', #1321 ) ;
#1576 = PLANE ( 'NONE',  #1238 ) ;
#1577 = AXIS2_PLACEMENT_3D ( 'NONE', #1462, #910, #775 ) ;
#1578 = DIRECTION ( 'NONE',  ( 1.000000000000000000, 0.000000000000000000, 0.000000000000000000 ) ) ;
#1579 = LINE ( 'NONE', #399, #761 ) ;
#1580 = DIRECTION ( 'NONE',  ( 0.000000000000000000, 0.000000000000000000, -1.000000000000000000 ) ) ;
#1581 = EDGE_CURVE ( 'NONE', #515, #969, #669, .T. ) ;
#1582 = CARTESIAN_POINT ( 'NONE',  ( 50.00000000000000711, -90.00000000000000000, -80.00000000000000000 ) ) ;
#1583 = ORIENTED_EDGE ( 'NONE', *, *, #320, .T. ) ;
#1584 = CYLINDRICAL_SURFACE ( 'NONE', #102, 1.250000000000007994 ) ;
#1585 = ORIENTED_EDGE ( 'NONE', *, *, #865, .F. ) ;
#1586 = FACE_OUTER_BOUND ( 'NONE', #402, .T. ) ;
#1587 = DIRECTION ( 'NONE',  ( -1.000000000000000000, 0.000000000000000000, 0.000000000000000000 ) ) ;
#1588 = FACE_OUTER_BOUND ( 'NONE', #61, .T. ) ;
#1589 = ADVANCED_FACE ( 'NONE', ( #1588 ), #1191, .F. ) ;
#1590 = ORIENTED_EDGE ( 'NONE', *, *, #517, .T. ) ;
#1591 = DIRECTION ( 'NONE',  ( 1.000000000000000000, 1.734723475976813997E-16, 0.000000000000000000 ) ) ;
#1592 = CIRCLE ( 'NONE', #1038, 1.250000000000001110 ) ;
#1593 = ORIENTED_EDGE ( 'NONE', *, *, #1404, .F. ) ;
#1594 = CARTESIAN_POINT ( 'NONE',  ( 20.00000000000000355, -60.50000000000000711, -55.50000000000000000 ) ) ;
#1595 = PRODUCT_DEFINITION_SHAPE ( 'NONE', 'NONE',  #1677 ) ;
#1596 = CIRCLE ( 'NONE', #989, 9.999999999999994671 ) ;
#1597 = CYLINDRICAL_SURFACE ( 'NONE', #471, 1.250000000000001110 ) ;
#1598 = VECTOR ( 'NONE', #894, 1000.000000000000000 ) ;
#1599 = CARTESIAN_POINT ( 'NONE',  ( 50.00000000000000711, -99.99999999999998579, 0.000000000000000000 ) ) ;
#1600 = UNCERTAINTY_MEASURE_WITH_UNIT (LENGTH_MEASURE( 1.000000000000000082E-05 ), #629, 'distance_accuracy_value', 'NONE');
#1601 = DIRECTION ( 'NONE',  ( 0.000000000000000000, 1.000000000000000000, 0.000000000000000000 ) ) ;
#1602 = ADVANCED_BREP_SHAPE_REPRESENTATION ( '', ( #1375, #1322 ), #1570 ) ;
#1603 = PRODUCT_DEFINITION_FORMATION_WITH_SPECIFIED_SOURCE ( 'ANY', '', #1332, .NOT_KNOWN. ) ;
#1604 = VERTEX_POINT ( 'NONE', #159 ) ;
#1605 = CARTESIAN_POINT ( 'NONE',  ( 20.00000000000000355, -60.50000000000000711, -55.50000000000000000 ) ) ;
#1606 = ORIENTED_EDGE ( 'NONE', *, *, #1316, .F. ) ;
#1607 = CARTESIAN_POINT ( 'NONE',  ( 28.00000000000000355, -45.00000000000000711, -40.00000000000000000 ) ) ;
#1608 = CARTESIAN_POINT ( 'NONE',  ( 79.99999999999998579, 0.000000000000000000, 0.000000000000000000 ) ) ;
#1609 = ORIENTED_EDGE ( 'NONE', *, *, #289, .F. ) ;
#1610 = DIRECTION ( 'NONE',  ( 1.000000000000000000, 1.982541115402066589E-16, -0.000000000000000000 ) ) ;
#1611 = PRESENTATION_STYLE_ASSIGNMENT (( #1640 ) ) ;
#1612 = ORIENTED_EDGE ( 'NONE', *, *, #954, .F. ) ;
#1613 = DIRECTION ( 'NONE',  ( -2.523234146875355998E-16, 1.000000000000000000, 0.000000000000000000 ) ) ;
#1614 = ADVANCED_FACE ( 'NONE', ( #1330 ), #802, .T. ) ;
#1615 = CARTESIAN_POINT ( 'NONE',  ( 19.99999999999992895, 0.000000000000000000, -80.00000000000000000 ) ) ;
#1616 = LINE ( 'NONE', #1105, #44 ) ;
#1617 = EDGE_CURVE ( 'NONE', #988, #331, #551, .T. ) ;
#1618 = ORIENTED_EDGE ( 'NONE', *, *, #646, .F. ) ;
#1619 = DIRECTION ( 'NONE',  ( 1.000000000000000000, 1.734723475976813997E-16, -0.000000000000000000 ) ) ;
#1620 = CARTESIAN_POINT ( 'NONE',  ( 20.00000000000000355, -99.99999999999998579, 0.000000000000000000 ) ) ;
#1621 = ORIENTED_EDGE ( 'NONE', *, *, #473, .F. ) ;
#1622 = AXIS2_PLACEMENT_3D ( 'NONE', #693, #1241, #981 ) ;
#1623 = CARTESIAN_POINT ( 'NONE',  ( 28.00000000000000711, -56.00000000000000711, -40.00000000000000000 ) ) ;
#1624 = AXIS2_PLACEMENT_3D ( 'NONE', #1006, #722, #1639 ) ;
#1625 = CLOSED_SHELL ( 'NONE', ( #539, #1267, #1149, #1074, #623, #1614, #1388, #598, #1488, #616 ) ) ;
#1626 = AXIS2_PLACEMENT_3D ( 'NONE', #71, #176, #436 ) ;
#1627 = DIRECTION ( 'NONE',  ( 0.000000000000000000, 1.000000000000000000, 0.000000000000000000 ) ) ;
#1628 = VECTOR ( 'NONE', #261, 1000.000000000000000 ) ;
#1629 = EDGE_LOOP ( 'NONE', ( #1445, #103, #1150, #1000 ) ) ;
#1630 = DIRECTION ( 'NONE',  ( 0.000000000000000000, 0.000000000000000000, 1.000000000000000000 ) ) ;
#1631 = VECTOR ( 'NONE', #1301, 1000.000000000000000 ) ;
#1632 = CARTESIAN_POINT ( 'NONE',  ( 20.00000000000000355, -60.50000000000000711, -55.50000000000000000 ) ) ;
#1633 = ORIENTED_EDGE ( 'NONE', *, *, #414, .F. ) ;
#1634 = CARTESIAN_POINT ( 'NONE',  ( 40.00000000000000711, -90.00000000000000000, 0.000000000000000000 ) ) ;
#1635 = CARTESIAN_POINT ( 'NONE',  ( 50.00000000000000711, -99.99999999999998579, -80.00000000000000000 ) ) ;
#1636 = UNCERTAINTY_MEASURE_WITH_UNIT (LENGTH_MEASURE( 1.000000000000000082E-05 ), #980, 'distance_accuracy_value', 'NONE');
#1637 = ORIENTED_EDGE ( 'NONE', *, *, #437, .F. ) ;
#1638 = EDGE_CURVE ( 'NONE', #207, #1028, #132, .T. ) ;
#1639 = DIRECTION ( 'NONE',  ( 0.000000000000000000, 1.000000000000000000, 0.000000000000000000 ) ) ;
#1640 = SURFACE_STYLE_USAGE ( .BOTH. , #88 ) ;
#1641 = ORIENTED_EDGE ( 'NONE', *, *, #1543, .T. ) ;
#1642 = EDGE_CURVE ( 'NONE', #1528, #812, #138, .T. ) ;
#1643 = CARTESIAN_POINT ( 'NONE',  ( 19.99999999999999645, -30.75000000000000711, -55.49999999999989342 ) ) ;
#1644 = DIRECTION ( 'NONE',  ( 0.000000000000000000, 0.000000000000000000, 1.000000000000000000 ) ) ;
#1645 = PLANE ( 'NONE',  #233 ) ;
#1646 = VERTEX_POINT ( 'NONE', #526 ) ;
#1647 = DIRECTION ( 'NONE',  ( -1.000000000000000000, -1.261617073437677752E-16, 0.000000000000000000 ) ) ;
#1648 = ORIENTED_EDGE ( 'NONE', *, *, #57, .F. ) ;
#1649 = DIRECTION ( 'NONE',  ( -1.000000000000000000, -0.000000000000000000, -0.000000000000000000 ) ) ;
#1650 = CARTESIAN_POINT ( 'NONE',  ( -23.98983565223976200, 89.46699713963845113, 1010.000000000007958 ) ) ;
#1651 = DIRECTION ( 'NONE',  ( 0.000000000000000000, 1.000000000000000000, 0.000000000000000000 ) ) ;
#1652 = AXIS2_PLACEMENT_3D ( 'NONE', #298, #1055, #811 ) ;
#1653 = ORIENTED_EDGE ( 'NONE', *, *, #8, .T. ) ;
#1654 = FACE_OUTER_BOUND ( 'NONE', #1004, .T. ) ;
#1655 = DIRECTION ( 'NONE',  ( -1.000000000000000000, 0.000000000000000000, 0.000000000000000000 ) ) ;
#1656 = ORIENTED_EDGE ( 'NONE', *, *, #421, .F. ) ;
#1657 = EDGE_CURVE ( 'NONE', #725, #1137, #1573, .T. ) ;
#1658 = CARTESIAN_POINT ( 'NONE',  ( -3.469446951953614189E-14, 200.0000000000000000, 0.000000000000000000 ) ) ;
#1659 = CARTESIAN_POINT ( 'NONE',  ( 66.01016434776026642, -110.5330028603615773, 1000.000000000007958 ) ) ;
#1660 = ORIENTED_EDGE ( 'NONE', *, *, #392, .T. ) ;
#1661 = SURFACE_SIDE_STYLE ('',( #464 ) ) ;
#1662 = DIRECTION ( 'NONE',  ( -1.000000000000000000, 0.000000000000000000, 0.000000000000000000 ) ) ;
#1663 = VERTEX_POINT ( 'NONE', #976 ) ;
#1664 = FACE_OUTER_BOUND ( 'NONE', #1237, .T. ) ;
#1665 = ADVANCED_FACE ( 'NONE', ( #1374, #1142 ), #996, .T. ) ;
#1666 = VERTEX_POINT ( 'NONE', #866 ) ;
#1667 = DIRECTION ( 'NONE',  ( 1.000000000000000000, 1.734723475976813997E-16, 0.000000000000000000 ) ) ;
#1668 = ORIENTED_EDGE ( 'NONE', *, *, #1252, .T. ) ;
#1669 = DIRECTION ( 'NONE',  ( 1.000000000000000000, 0.000000000000000000, 0.000000000000000000 ) ) ;
#1670 = ITEM_DEFINED_TRANSFORMATION ( 'NONE', 'NONE', #911,  #1322 ) ;
#1671 = ORIENTED_EDGE ( 'NONE', *, *, #543, .F. ) ;
#1672 = VECTOR ( 'NONE', #447, 1000.000000000000000 ) ;
#1673 = NEXT_ASSEMBLY_USAGE_OCCURRENCE ( 'NAUO1', ' ', ' ', #369, #1008, $ ) ;
#1674 = NEXT_ASSEMBLY_USAGE_OCCURRENCE ( 'NAUO2', ' ', ' ', #369, #1448, $ ) ;
#1675 = NEXT_ASSEMBLY_USAGE_OCCURRENCE ( 'NAUO3', ' ', ' ', #369, #1215, $ ) ;
#1676 = NEXT_ASSEMBLY_USAGE_OCCURRENCE ( 'NAUO4', ' ', ' ', #369, #1215, $ ) ;
#1677 = NEXT_ASSEMBLY_USAGE_OCCURRENCE ( 'NAUO5', ' ', ' ', #369, #230, $ ) ;
ENDSEC;
END-ISO-10303-21;
