ISO-10303-21;
HEADER;
FILE_DESCRIPTION (( 'STEP AP214' ),
    '1' );
FILE_NAME ('Link 1.STEP',
    '2026-07-17T02:33:07',
    ( '' ),
    ( '' ),
    'SwSTEP 2.0',
    'SolidWorks 2025',
    '' );
FILE_SCHEMA (( 'AUTOMOTIVE_DESIGN' ));
ENDSEC;

DATA;
#1 = APPLICATION_PROTOCOL_DEFINITION ( 'draft international standard', 'automotive_design', 1998, #557 ) ;
#2 = DIRECTION ( 'NONE',  ( 1.000000000000000000, 0.000000000000000000, 0.000000000000000000 ) ) ;
#3 = VERTEX_POINT ( 'NONE', #984 ) ;
#4 = CARTESIAN_POINT ( 'NONE',  ( 200.0000000000000000, 0.000000000000000000, 0.000000000000000000 ) ) ;
#5 = EDGE_CURVE ( 'NONE', #1025, #367, #227, .T. ) ;
#6 = SURFACE_STYLE_USAGE ( .BOTH. , #691 ) ;
#7 = VERTEX_POINT ( 'NONE', #666 ) ;
#8 = CONTEXT_DEPENDENT_SHAPE_REPRESENTATION ( #254, #519 ) ;
#9 = CARTESIAN_POINT ( 'NONE',  ( 50.00000000000000000, 31.00000000000000000, -2.000000000000000000 ) ) ;
#10 = VERTEX_POINT ( 'NONE', #642 ) ;
#11 = LINE ( 'NONE', #1178, #285 ) ;
#12 =( NAMED_UNIT ( * ) PLANE_ANGLE_UNIT ( ) SI_UNIT ( $, .RADIAN. ) );
#13 = EDGE_LOOP ( 'NONE', ( #777, #581, #326, #273 ) ) ;
#14 = EDGE_CURVE ( 'NONE', #698, #808, #923, .T. ) ;
#15 = AXIS2_PLACEMENT_3D ( 'NONE', #972, #964, #1090 ) ;
#16 = CONTEXT_DEPENDENT_SHAPE_REPRESENTATION ( #504, #1208 ) ;
#17 = PLANE ( 'NONE',  #1049 ) ;
#18 = ORIENTED_EDGE ( 'NONE', *, *, #432, .T. ) ;
#19 = DIRECTION ( 'NONE',  ( 1.000000000000000000, 0.000000000000000000, 0.000000000000000000 ) ) ;
#20 = CARTESIAN_POINT ( 'NONE',  ( 50.00000000000000000, 31.00000000000000000, -2.000000000000000000 ) ) ;
#21 = ORIENTED_EDGE ( 'NONE', *, *, #57, .F. ) ;
#22 = AXIS2_PLACEMENT_3D ( 'NONE', #638, #1181, #1305 ) ;
#23 = APPLICATION_CONTEXT ( 'automotive_design' ) ;
#24 = DIRECTION ( 'NONE',  ( 0.000000000000000000, 0.000000000000000000, 1.000000000000000000 ) ) ;
#25 = EDGE_CURVE ( 'NONE', #309, #422, #1020, .T. ) ;
#26 = CARTESIAN_POINT ( 'NONE',  ( 33.25000000000031974, 15.49999999999978506, 0.000000000000000000 ) ) ;
#27 = EDGE_LOOP ( 'NONE', ( #919, #349, #497, #688 ) ) ;
#28 = DIRECTION ( 'NONE',  ( 0.000000000000000000, 0.000000000000000000, 1.000000000000000000 ) ) ;
#29 = ORIENTED_EDGE ( 'NONE', *, *, #617, .T. ) ;
#30 = EDGE_CURVE ( 'NONE', #7, #719, #543, .T. ) ;
#31 = FACE_BOUND ( 'NONE', #753, .T. ) ;
#32 = EDGE_LOOP ( 'NONE', ( #1200, #1287 ) ) ;
#33 = CARTESIAN_POINT ( 'NONE',  ( 65.50000000000000000, 46.50000000000011369, 0.000000000000000000 ) ) ;
#34 = DIRECTION ( 'NONE',  ( 0.000000000000000000, 0.000000000000000000, 1.000000000000000000 ) ) ;
#35 = ORIENTED_EDGE ( 'NONE', *, *, #1451, .F. ) ;
#36 = AXIS2_PLACEMENT_3D ( 'NONE', #1104, #584, #482 ) ;
#37 = CIRCLE ( 'NONE', #1066, 10.00000000000000888 ) ;
#38 = CARTESIAN_POINT ( 'NONE',  ( 50.00000000000000000, 31.00000000000000000, -10.00000000000000000 ) ) ;
#39 = EDGE_CURVE ( 'NONE', #436, #1205, #755, .T. ) ;
#40 = CARTESIAN_POINT ( 'NONE',  ( 65.50000000000041211, 15.50000000000010658, -10.00000000000000000 ) ) ;
#41 = CARTESIAN_POINT ( 'NONE',  ( 35.75000000000000711, 46.49999999999978684, -10.00000000000000000 ) ) ;
#42 = VERTEX_POINT ( 'NONE', #339 ) ;
#43 = VECTOR ( 'NONE', #1024, 1000.000000000000000 ) ;
#44 = VECTOR ( 'NONE', #89, 1000.000000000000000 ) ;
#45 = VECTOR ( 'NONE', #1294, 1000.000000000000000 ) ;
#46 = CARTESIAN_POINT ( 'NONE',  ( 34.50000000000031974, 15.49999999999978506, 0.000000000000000000 ) ) ;
#47 = CARTESIAN_POINT ( 'NONE',  ( 170.0000000000000000, 80.00000000000000000, 0.000000000000000000 ) ) ;
#48 = CARTESIAN_POINT ( 'NONE',  ( 50.00000000000000000, 31.00000000000000000, -10.00000000000000000 ) ) ;
#49 = ORIENTED_EDGE ( 'NONE', *, *, #1464, .T. ) ;
#50 = EDGE_CURVE ( 'NONE', #1125, #1102, #415, .T. ) ;
#51 = CARTESIAN_POINT ( 'NONE',  ( 140.0000000000000000, 60.00000000000000711, 0.000000000000000000 ) ) ;
#52 = LINE ( 'NONE', #966, #763 ) ;
#53 = CARTESIAN_POINT ( 'NONE',  ( 170.0000000000000000, 80.00000000000000000, -10.00000000000000000 ) ) ;
#54 = CARTESIAN_POINT ( 'NONE',  ( 10.00000000000000000, 40.00000000000000000, 0.000000000000000000 ) ) ;
#55 = ORIENTED_EDGE ( 'NONE', *, *, #314, .T. ) ;
#56 = FACE_OUTER_BOUND ( 'NONE', #834, .T. ) ;
#57 = EDGE_CURVE ( 'NONE', #823, #808, #1352, .T. ) ;
#58 = DIRECTION ( 'NONE',  ( -0.000000000000000000, -1.000000000000000000, -0.000000000000000000 ) ) ;
#59 = CIRCLE ( 'NONE', #1362, 11.00000000000001066 ) ;
#60 = DIRECTION ( 'NONE',  ( 0.000000000000000000, 0.000000000000000000, 1.000000000000000000 ) ) ;
#61 = ORIENTED_EDGE ( 'NONE', *, *, #64, .F. ) ;
#62 = CARTESIAN_POINT ( 'NONE',  ( 66.75000000000029843, 15.50000000000010658, -10.00000000000000000 ) ) ;
#63 = AXIS2_PLACEMENT_3D ( 'NONE', #1166, #825, #479 ) ;
#64 = EDGE_CURVE ( 'NONE', #733, #76, #1336, .T. ) ;
#65 = LINE ( 'NONE', #505, #1457 ) ;
#66 = AXIS2_PLACEMENT_3D ( 'NONE', #286, #724, #737 ) ;
#67 = CARTESIAN_POINT ( 'NONE',  ( 140.0000000000000000, 80.00000000000000000, 0.000000000000000000 ) ) ;
#68 = ORIENTED_EDGE ( 'NONE', *, *, #1355, .T. ) ;
#69 = DIRECTION ( 'NONE',  ( -1.387778780781445676E-16, 1.000000000000000000, 0.000000000000000000 ) ) ;
#70 = EDGE_LOOP ( 'NONE', ( #692, #92, #1357, #1468 ) ) ;
#71 = EDGE_CURVE ( 'NONE', #1038, #748, #157, .T. ) ;
#72 = LINE ( 'NONE', #529, #1172 ) ;
#73 = ORIENTED_EDGE ( 'NONE', *, *, #232, .F. ) ;
#74 = DIRECTION ( 'NONE',  ( 0.000000000000000000, 0.000000000000000000, 1.000000000000000000 ) ) ;
#75 = VERTEX_POINT ( 'NONE', #141 ) ;
#76 = VERTEX_POINT ( 'NONE', #452 ) ;
#77 = FACE_OUTER_BOUND ( 'NONE', #1127, .T. ) ;
#78 = DIRECTION ( 'NONE',  ( 0.000000000000000000, 0.000000000000000000, 1.000000000000000000 ) ) ;
#79 = DIRECTION ( 'NONE',  ( 0.000000000000000000, 0.000000000000000000, 1.000000000000000000 ) ) ;
#80 = CIRCLE ( 'NONE', #1112, 10.99999999999999645 ) ;
#81 = EDGE_CURVE ( 'NONE', #823, #436, #599, .T. ) ;
#82 = EDGE_LOOP ( 'NONE', ( #673, #99, #142, #1296 ) ) ;
#83 = CIRCLE ( 'NONE', #1429, 10.00000000000000888 ) ;
#84 = PLANE ( 'NONE',  #1189 ) ;
#85 = EDGE_CURVE ( 'NONE', #592, #294, #802, .T. ) ;
#86 = DIRECTION ( 'NONE',  ( -0.000000000000000000, -0.000000000000000000, -1.000000000000000000 ) ) ;
#87 = VERTEX_POINT ( 'NONE', #1406 ) ;
#88 = CARTESIAN_POINT ( 'NONE',  ( 34.50000000000031974, 15.49999999999978506, -10.00000000000000000 ) ) ;
#89 = DIRECTION ( 'NONE',  ( -0.000000000000000000, -0.000000000000000000, -1.000000000000000000 ) ) ;
#90 = VECTOR ( 'NONE', #1080, 1000.000000000000000 ) ;
#91 = FACE_OUTER_BOUND ( 'NONE', #70, .T. ) ;
#92 = ORIENTED_EDGE ( 'NONE', *, *, #738, .T. ) ;
#93 = DIRECTION ( 'NONE',  ( 0.000000000000000000, 0.000000000000000000, 1.000000000000000000 ) ) ;
#94 = ORIENTED_EDGE ( 'NONE', *, *, #794, .T. ) ;
#95 = ADVANCED_FACE ( 'NONE', ( #822 ), #222, .T. ) ;
#96 = CARTESIAN_POINT ( 'NONE',  ( 64.25000000000004263, 46.50000000000011369, -10.00000000000000000 ) ) ;
#97 = APPLICATION_CONTEXT ( 'automotive_design' ) ;
#98 = FACE_OUTER_BOUND ( 'NONE', #82, .T. ) ;
#99 = ORIENTED_EDGE ( 'NONE', *, *, #965, .F. ) ;
#100 = CARTESIAN_POINT ( 'NONE',  ( 200.0000000000000000, 0.000000000000000000, -10.00000000000000000 ) ) ;
#101 = CARTESIAN_POINT ( 'NONE',  ( 130.0000000000000000, 60.00000000000000711, 0.000000000000000000 ) ) ;
#102 = ORIENTED_EDGE ( 'NONE', *, *, #1297, .F. ) ;
#103 = EDGE_CURVE ( 'NONE', #1145, #1247, #109, .T. ) ;
#104 = CARTESIAN_POINT ( 'NONE',  ( 50.00000000000000000, 31.00000000000000000, -2.000000000000000000 ) ) ;
#105 = DIRECTION ( 'NONE',  ( 1.000000000000000000, 0.000000000000000000, 0.000000000000000000 ) ) ;
#106 = VERTEX_POINT ( 'NONE', #569 ) ;
#107 = VECTOR ( 'NONE', #1307, 1000.000000000000000 ) ;
#108 = FACE_OUTER_BOUND ( 'NONE', #457, .T. ) ;
#109 = LINE ( 'NONE', #1282, #1290 ) ;
#110 = EDGE_LOOP ( 'NONE', ( #1439, #1476, #117, #667 ) ) ;
#111 = AXIS2_PLACEMENT_3D ( 'NONE', #244, #1152, #821 ) ;
#112 = MANIFOLD_SOLID_BREP ( 'Cortar-Extruir1', #1185 ) ;
#113 = SHAPE_DEFINITION_REPRESENTATION ( #297, #539 ) ;
#114 = EDGE_CURVE ( 'NONE', #226, #106, #1269, .T. ) ;
#115 = LINE ( 'NONE', #1410, #1248 ) ;
#116 = MANIFOLD_SOLID_BREP ( 'Saliente-Extruir1', #588 ) ;
#117 = ORIENTED_EDGE ( 'NONE', *, *, #1139, .F. ) ;
#118 = CARTESIAN_POINT ( 'NONE',  ( 64.25000000000051159, 15.50000000000010658, -10.00000000000000000 ) ) ;
#119 = ORIENTED_EDGE ( 'NONE', *, *, #629, .T. ) ;
#120 = CIRCLE ( 'NONE', #474, 1.249999999999959588 ) ;
#121 = VECTOR ( 'NONE', #28, 1000.000000000000000 ) ;
#122 = APPLICATION_PROTOCOL_DEFINITION ( 'draft international standard', 'automotive_design', 1998, #663 ) ;
#123 = FACE_BOUND ( 'NONE', #1056, .T. ) ;
#124 = EDGE_CURVE ( 'NONE', #294, #592, #779, .T. ) ;
#125 = EDGE_LOOP ( 'NONE', ( #831, #163 ) ) ;
#126 = CARTESIAN_POINT ( 'NONE',  ( 64.25000000000051159, 15.50000000000010658, 0.000000000000000000 ) ) ;
#127 = DIRECTION ( 'NONE',  ( 1.000000000000000000, 0.000000000000000000, 0.000000000000000000 ) ) ;
#128 = ORIENTED_EDGE ( 'NONE', *, *, #839, .F. ) ;
#129 = DIRECTION ( 'NONE',  ( -1.595945597898662773E-16, 1.000000000000000000, -3.127751546961388265E-16 ) ) ;
#130 = FACE_OUTER_BOUND ( 'NONE', #1128, .T. ) ;
#131 = ORIENTED_EDGE ( 'NONE', *, *, #85, .F. ) ;
#132 = FACE_OUTER_BOUND ( 'NONE', #1013, .T. ) ;
#133 = SURFACE_STYLE_FILL_AREA ( #807 ) ;
#134 = ORIENTED_EDGE ( 'NONE', *, *, #277, .F. ) ;
#135 = ADVANCED_FACE ( 'NONE', ( #950 ), #537, .F. ) ;
#136 = CIRCLE ( 'NONE', #1271, 10.99999999999999645 ) ;
#137 = APPLICATION_PROTOCOL_DEFINITION ( 'draft international standard', 'automotive_design', 1998, #1022 ) ;
#138 = CARTESIAN_POINT ( 'NONE',  ( 181.0000000000000284, 80.00000000000000000, -10.00000000000000000 ) ) ;
#139 = ORIENTED_EDGE ( 'NONE', *, *, #114, .T. ) ;
#140 = DIRECTION ( 'NONE',  ( 0.000000000000000000, 0.000000000000000000, 1.000000000000000000 ) ) ;
#141 = CARTESIAN_POINT ( 'NONE',  ( 140.0000000000000000, 60.00000000000000711, -10.00000000000000000 ) ) ;
#142 = ORIENTED_EDGE ( 'NONE', *, *, #195, .T. ) ;
#143 = VECTOR ( 'NONE', #1475, 1000.000000000000000 ) ;
#144 = EDGE_CURVE ( 'NONE', #1184, #1237, #741, .T. ) ;
#145 = LINE ( 'NONE', #1156, #954 ) ;
#146 = ORIENTED_EDGE ( 'NONE', *, *, #85, .T. ) ;
#147 = DIRECTION ( 'NONE',  ( -0.000000000000000000, -1.000000000000000000, -0.000000000000000000 ) ) ;
#148 = LINE ( 'NONE', #849, #510 ) ;
#149 = EDGE_LOOP ( 'NONE', ( #1449, #302, #1264, #621, #438, #374, #1407, #1154 ) ) ;
#150 = ADVANCED_FACE ( 'NONE', ( #500 ), #1423, .F. ) ;
#151 = EDGE_CURVE ( 'NONE', #370, #1102, #148, .T. ) ;
#152 = FACE_OUTER_BOUND ( 'NONE', #465, .T. ) ;
#153 = CARTESIAN_POINT ( 'NONE',  ( 65.50000000000000000, 46.50000000000011369, 0.000000000000000000 ) ) ;
#154 = CARTESIAN_POINT ( 'NONE',  ( 140.0000000000000000, 80.00000000000000000, 0.000000000000000000 ) ) ;
#155 = ORIENTED_EDGE ( 'NONE', *, *, #389, .F. ) ;
#156 = AXIS2_PLACEMENT_3D ( 'NONE', #20, #1055, #1260 ) ;
#157 = CIRCLE ( 'NONE', #36, 1.249999999999890088 ) ;
#158 = AXIS2_PLACEMENT_3D ( 'NONE', #1444, #870, #630 ) ;
#159 = DIRECTION ( 'NONE',  ( 0.000000000000000000, 0.000000000000000000, 1.000000000000000000 ) ) ;
#160 = EDGE_CURVE ( 'NONE', #106, #75, #1456, .T. ) ;
#161 = DIRECTION ( 'NONE',  ( 0.000000000000000000, 0.000000000000000000, 1.000000000000000000 ) ) ;
#162 = DIRECTION ( 'NONE',  ( 0.000000000000000000, 1.000000000000000000, 0.000000000000000000 ) ) ;
#163 = ORIENTED_EDGE ( 'NONE', *, *, #608, .F. ) ;
#164 = CARTESIAN_POINT ( 'NONE',  ( -3.469446951953614189E-14, 200.0000000000000000, 10.00000000000000000 ) ) ;
#165 = AXIS2_PLACEMENT_3D ( 'NONE', #1202, #1063, #1300 ) ;
#166 =( GEOMETRIC_REPRESENTATION_CONTEXT ( 3 ) GLOBAL_UNCERTAINTY_ASSIGNED_CONTEXT ( ( #567 ) ) GLOBAL_UNIT_ASSIGNED_CONTEXT ( ( #1016, #332, #446 ) ) REPRESENTATION_CONTEXT ( 'NONE', 'WORKASPACE' ) );
#167 = AXIS2_PLACEMENT_3D ( 'NONE', #1203, #841, #398 ) ;
#168 = CARTESIAN_POINT ( 'NONE',  ( 50.00000000000000000, 31.00000000000000000, -2.000000000000000000 ) ) ;
#169 = DIRECTION ( 'NONE',  ( 0.000000000000000000, 0.000000000000000000, 1.000000000000000000 ) ) ;
#170 = PRODUCT_DEFINITION ( 'UNKNOWN', '', #1252, #913 ) ;
#171 = DIRECTION ( 'NONE',  ( -0.000000000000000000, -1.000000000000000000, -0.000000000000000000 ) ) ;
#172 = EDGE_LOOP ( 'NONE', ( #252, #1062, #473, #119 ) ) ;
#173 = DIRECTION ( 'NONE',  ( 0.000000000000000000, -0.000000000000000000, -1.000000000000000000 ) ) ;
#174 = FACE_OUTER_BOUND ( 'NONE', #775, .T. ) ;
#175 = LINE ( 'NONE', #1073, #90 ) ;
#176 = PLANE ( 'NONE',  #1333 ) ;
#177 = ORIENTED_EDGE ( 'NONE', *, *, #195, .F. ) ;
#178 = CARTESIAN_POINT ( 'NONE',  ( 34.50000000000000000, 46.49999999999978684, -10.00000000000000000 ) ) ;
#179 = COLOUR_RGB ( '',0.7921568627450980005, 0.8196078431372548767, 0.9333333333333333481 ) ;
#180 = DIRECTION ( 'NONE',  ( 1.000000000000000000, 0.000000000000000000, 0.000000000000000000 ) ) ;
#181 = CIRCLE ( 'NONE', #15, 4.499999999999997335 ) ;
#182 = CARTESIAN_POINT ( 'NONE',  ( 0.000000000000000000, 0.000000000000000000, 0.000000000000000000 ) ) ;
#183 = VERTEX_POINT ( 'NONE', #1183 ) ;
#184 = FACE_BOUND ( 'NONE', #706, .T. ) ;
#185 = VERTEX_POINT ( 'NONE', #1179 ) ;
#186 = EDGE_CURVE ( 'NONE', #242, #367, #487, .T. ) ;
#187 = AXIS2_PLACEMENT_3D ( 'NONE', #1052, #1149, #704 ) ;
#188 = AXIS2_PLACEMENT_3D ( 'NONE', #1045, #935, #1400 ) ;
#189 = CARTESIAN_POINT ( 'NONE',  ( 10.00000000000000000, 40.00000000000000000, -10.00000000000000000 ) ) ;
#190 = ORIENTED_EDGE ( 'NONE', *, *, #314, .F. ) ;
#191 = DIRECTION ( 'NONE',  ( 0.000000000000000000, 0.000000000000000000, 1.000000000000000000 ) ) ;
#192 = CARTESIAN_POINT ( 'NONE',  ( 10.00000000000000000, 50.00000000000000000, -10.00000000000000000 ) ) ;
#193 = VERTEX_POINT ( 'NONE', #154 ) ;
#194 = CARTESIAN_POINT ( 'NONE',  ( 200.0000000000000000, 80.00000000000000000, 0.000000000000000000 ) ) ;
#195 = EDGE_CURVE ( 'NONE', #268, #796, #627, .T. ) ;
#196 = CARTESIAN_POINT ( 'NONE',  ( 50.00000000000000000, 31.00000000000000000, 0.000000000000000000 ) ) ;
#197 = DIRECTION ( 'NONE',  ( 0.000000000000000000, 0.000000000000000000, 1.000000000000000000 ) ) ;
#198 = EDGE_LOOP ( 'NONE', ( #991, #896, #200, #365 ) ) ;
#199 = DIRECTION ( 'NONE',  ( -1.000000000000000000, 0.000000000000000000, 0.000000000000000000 ) ) ;
#200 = ORIENTED_EDGE ( 'NONE', *, *, #644, .T. ) ;
#201 = VERTEX_POINT ( 'NONE', #1204 ) ;
#202 = PLANE ( 'NONE',  #873 ) ;
#203 = DIRECTION ( 'NONE',  ( 1.000000000000000000, 0.000000000000000000, 0.000000000000000000 ) ) ;
#204 = EDGE_CURVE ( 'NONE', #1170, #42, #945, .T. ) ;
#205 = ORIENTED_EDGE ( 'NONE', *, *, #1311, .F. ) ;
#206 = AXIS2_PLACEMENT_3D ( 'NONE', #164, #291, #173 ) ;
#207 = DIRECTION ( 'NONE',  ( -0.000000000000000000, -0.000000000000000000, -1.000000000000000000 ) ) ;
#208 = CARTESIAN_POINT ( 'NONE',  ( 130.0000000000000000, 50.00000000000000000, -10.00000000000000000 ) ) ;
#209 = CARTESIAN_POINT ( 'NONE',  ( -1.734723475976807094E-15, 40.00000000000000000, 0.000000000000000000 ) ) ;
#210 = DIRECTION ( 'NONE',  ( 1.000000000000000000, 0.000000000000000000, 0.000000000000000000 ) ) ;
#211 = AXIS2_PLACEMENT_3D ( 'NONE', #364, #347, #1030 ) ;
#212 = CARTESIAN_POINT ( 'NONE',  ( 10.00000000000000000, 40.00000000000000000, 0.000000000000000000 ) ) ;
#213 = EDGE_LOOP ( 'NONE', ( #762, #727, #1076, #1471 ) ) ;
#214 = EDGE_CURVE ( 'NONE', #808, #1170, #507, .T. ) ;
#215 = DIRECTION ( 'NONE',  ( 0.000000000000000000, 0.000000000000000000, -1.000000000000000000 ) ) ;
#216 = ORIENTED_EDGE ( 'NONE', *, *, #1048, .F. ) ;
#217 = CARTESIAN_POINT ( 'NONE',  ( -1.734723475976807094E-15, 40.00000000000000000, -10.00000000000000000 ) ) ;
#218 = FACE_OUTER_BOUND ( 'NONE', #1001, .T. ) ;
#219 = DIRECTION ( 'NONE',  ( 0.000000000000000000, 0.000000000000000000, 1.000000000000000000 ) ) ;
#220 = ORIENTED_EDGE ( 'NONE', *, *, #462, .F. ) ;
#221 =( NAMED_UNIT ( * ) PLANE_ANGLE_UNIT ( ) SI_UNIT ( $, .RADIAN. ) );
#222 = PLANE ( 'NONE',  #1211 ) ;
#223 = EDGE_LOOP ( 'NONE', ( #1280, #236, #1088, #912 ) ) ;
#224 = CARTESIAN_POINT ( 'NONE',  ( 52.80880076276496737, -104.0727611060021758, 1000.000000000007731 ) ) ;
#225 = CYLINDRICAL_SURFACE ( 'NONE', #187, 1.250000000000001110 ) ;
#226 = VERTEX_POINT ( 'NONE', #969 ) ;
#227 = CIRCLE ( 'NONE', #1448, 1.250000000000001110 ) ;
#228 = CARTESIAN_POINT ( 'NONE',  ( 130.0000000000000000, 60.00000000000000711, -10.00000000000000000 ) ) ;
#229 = FILL_AREA_STYLE_COLOUR ( '', #179 ) ;
#230 = VERTEX_POINT ( 'NONE', #611 ) ;
#231 = AXIS2_PLACEMENT_3D ( 'NONE', #413, #1433, #1440 ) ;
#232 = EDGE_CURVE ( 'NONE', #317, #943, #563, .T. ) ;
#233 = ITEM_DEFINED_TRANSFORMATION ( 'NONE', 'NONE', #358,  #1026 ) ;
#234 = DIRECTION ( 'NONE',  ( -0.000000000000000000, -0.000000000000000000, 1.000000000000000000 ) ) ;
#235 = VECTOR ( 'NONE', #594, 1000.000000000000000 ) ;
#236 = ORIENTED_EDGE ( 'NONE', *, *, #269, .F. ) ;
#237 = DIRECTION ( 'NONE',  ( 0.000000000000000000, 0.000000000000000000, 1.000000000000000000 ) ) ;
#238 = SURFACE_STYLE_FILL_AREA ( #577 ) ;
#239 = ORIENTED_EDGE ( 'NONE', *, *, #728, .F. ) ;
#240 = VECTOR ( 'NONE', #60, 1000.000000000000000 ) ;
#241 = CARTESIAN_POINT ( 'NONE',  ( -1.734723475976807094E-15, 40.00000000000000000, -10.00000000000000000 ) ) ;
#242 = VERTEX_POINT ( 'NONE', #41 ) ;
#243 = EDGE_CURVE ( 'NONE', #977, #698, #280, .T. ) ;
#244 = CARTESIAN_POINT ( 'NONE',  ( 50.00000000000000000, 31.00000000000000000, -2.000000000000000000 ) ) ;
#245 = CARTESIAN_POINT ( 'NONE',  ( 0.000000000000000000, 0.000000000000000000, -10.00000000000000000 ) ) ;
#246 = VERTEX_POINT ( 'NONE', #856 ) ;
#247 = APPLICATION_PROTOCOL_DEFINITION ( 'draft international standard', 'automotive_design', 1998, #97 ) ;
#248 = CARTESIAN_POINT ( 'NONE',  ( 65.50000000000041211, 15.50000000000010658, 0.000000000000000000 ) ) ;
#249 = VERTEX_POINT ( 'NONE', #957 ) ;
#250 = CARTESIAN_POINT ( 'NONE',  ( 10.00000000000000000, 50.00000000000000000, -10.00000000000000000 ) ) ;
#251 = ADVANCED_FACE ( 'NONE', ( #1324 ), #176, .T. ) ;
#252 = ORIENTED_EDGE ( 'NONE', *, *, #204, .F. ) ;
#253 = VECTOR ( 'NONE', #392, 1000.000000000000000 ) ;
#254 =( REPRESENTATION_RELATIONSHIP ('NONE','NONE', #539, #1215 ) REPRESENTATION_RELATIONSHIP_WITH_TRANSFORMATION ( #233 )SHAPE_REPRESENTATION_RELATIONSHIP( ) );
#255 = VECTOR ( 'NONE', #1143, 1000.000000000000000 ) ;
#256 = PRODUCT_CONTEXT ( 'NONE', #23, 'mechanical' ) ;
#257 = FACE_OUTER_BOUND ( 'NONE', #722, .T. ) ;
#258 = VERTEX_POINT ( 'NONE', #288 ) ;
#259 = CARTESIAN_POINT ( 'NONE',  ( 10.00000000000000000, 40.00000000000000000, -10.00000000000000000 ) ) ;
#260 = CARTESIAN_POINT ( 'NONE',  ( 170.0000000000000000, 80.00000000000000000, 0.000000000000000000 ) ) ;
#261 = ORIENTED_EDGE ( 'NONE', *, *, #705, .F. ) ;
#262 = VECTOR ( 'NONE', #316, 1000.000000000000000 ) ;
#263 = EDGE_CURVE ( 'NONE', #249, #592, #747, .T. ) ;
#264 = AXIS2_PLACEMENT_3D ( 'NONE', #1187, #159, #180 ) ;
#265 = FACE_OUTER_BOUND ( 'NONE', #27, .T. ) ;
#266 = CYLINDRICAL_SURFACE ( 'NONE', #781, 30.00000000000000000 ) ;
#267 = CARTESIAN_POINT ( 'NONE',  ( 34.50000000000000000, 46.49999999999978684, -10.00000000000000000 ) ) ;
#268 = VERTEX_POINT ( 'NONE', #272 ) ;
#269 = EDGE_CURVE ( 'NONE', #106, #977, #1191, .T. ) ;
#270 = FACE_OUTER_BOUND ( 'NONE', #381, .T. ) ;
#271 = LINE ( 'NONE', #1086, #1393 ) ;
#272 = CARTESIAN_POINT ( 'NONE',  ( 181.0000000000000284, 80.00000000000000000, -10.00000000000000000 ) ) ;
#273 = ORIENTED_EDGE ( 'NONE', *, *, #71, .T. ) ;
#274 = LINE ( 'NONE', #1331, #396 ) ;
#275 = AXIS2_PLACEMENT_3D ( 'NONE', #1240, #890, #444 ) ;
#276 = AXIS2_PLACEMENT_3D ( 'NONE', #668, #545, #676 ) ;
#277 = EDGE_CURVE ( 'NONE', #193, #541, #1075, .T. ) ;
#278 = DIRECTION ( 'NONE',  ( -1.734723475976807094E-16, 1.000000000000000000, 0.000000000000000000 ) ) ;
#279 = FACE_OUTER_BOUND ( 'NONE', #1325, .T. ) ;
#280 = LINE ( 'NONE', #496, #489 ) ;
#281 = VERTEX_POINT ( 'NONE', #836 ) ;
#282 = FACE_OUTER_BOUND ( 'NONE', #312, .T. ) ;
#283 = AXIS2_PLACEMENT_3D ( 'NONE', #419, #1009, #876 ) ;
#284 = AXIS2_PLACEMENT_3D ( 'NONE', #767, #546, #528 ) ;
#285 = VECTOR ( 'NONE', #835, 1000.000000000000000 ) ;
#286 = CARTESIAN_POINT ( 'NONE',  ( 65.50000000000000000, 46.50000000000011369, -10.00000000000000000 ) ) ;
#287 = CARTESIAN_POINT ( 'NONE',  ( 0.000000000000000000, 0.000000000000000000, -10.00000000000000000 ) ) ;
#288 = CARTESIAN_POINT ( 'NONE',  ( 35.75000000000031974, 15.49999999999978506, 0.000000000000000000 ) ) ;
#289 = EDGE_CURVE ( 'NONE', #1221, #242, #1188, .T. ) ;
#290 = ORIENTED_EDGE ( 'NONE', *, *, #572, .T. ) ;
#291 = DIRECTION ( 'NONE',  ( 0.000000000000000000, -1.000000000000000000, 0.000000000000000000 ) ) ;
#292 = DIRECTION ( 'NONE',  ( 1.000000000000000000, 0.000000000000000000, 0.000000000000000000 ) ) ;
#293 = CARTESIAN_POINT ( 'NONE',  ( 140.0000000000000000, 80.00000000000000000, -10.00000000000000000 ) ) ;
#294 = VERTEX_POINT ( 'NONE', #615 ) ;
#295 = ADVANCED_FACE ( 'NONE', ( #1226, #433 ), #892, .F. ) ;
#296 = CARTESIAN_POINT ( 'NONE',  ( 0.000000000000000000, 0.000000000000000000, -10.00000000000000000 ) ) ;
#297 = PRODUCT_DEFINITION_SHAPE ( 'NONE', 'NONE',  #170 ) ;
#298 = AXIS2_PLACEMENT_3D ( 'NONE', #1288, #1301, #605 ) ;
#299 = CARTESIAN_POINT ( 'NONE',  ( 170.0000000000000000, 80.00000000000000000, -10.00000000000000000 ) ) ;
#300 = ORIENTED_EDGE ( 'NONE', *, *, #893, .T. ) ;
#301 = FACE_BOUND ( 'NONE', #1432, .T. ) ;
#302 = ORIENTED_EDGE ( 'NONE', *, *, #1048, .T. ) ;
#303 = VERTEX_POINT ( 'NONE', #194 ) ;
#304 = ADVANCED_FACE ( 'NONE', ( #1446 ), #1006, .T. ) ;
#305 = CARTESIAN_POINT ( 'NONE',  ( 10.00000000000000000, 50.00000000000000000, -10.00000000000000000 ) ) ;
#306 =( NAMED_UNIT ( * ) SI_UNIT ( $, .STERADIAN. ) SOLID_ANGLE_UNIT ( ) );
#307 = AXIS2_PLACEMENT_3D ( 'NONE', #1436, #1416, #1085 ) ;
#308 = LINE ( 'NONE', #903, #1298 ) ;
#309 = VERTEX_POINT ( 'NONE', #1354 ) ;
#310 = DIRECTION ( 'NONE',  ( -1.000000000000000000, -0.000000000000000000, -0.000000000000000000 ) ) ;
#311 = ORIENTED_EDGE ( 'NONE', *, *, #1420, .T. ) ;
#312 = EDGE_LOOP ( 'NONE', ( #1261, #931, #1453, #128, #1303, #880, #420, #628 ) ) ;
#313 = DIRECTION ( 'NONE',  ( -1.000000000000000000, -0.000000000000000000, -0.000000000000000000 ) ) ;
#314 = EDGE_CURVE ( 'NONE', #183, #431, #1123, .T. ) ;
#315 = DIRECTION ( 'NONE',  ( 0.000000000000000000, 0.000000000000000000, 1.000000000000000000 ) ) ;
#316 = DIRECTION ( 'NONE',  ( 0.000000000000000000, 0.000000000000000000, 1.000000000000000000 ) ) ;
#317 = VERTEX_POINT ( 'NONE', #553 ) ;
#318 = CARTESIAN_POINT ( 'NONE',  ( 34.50000000000031974, 15.49999999999978506, 0.000000000000000000 ) ) ;
#319 = ORIENTED_EDGE ( 'NONE', *, *, #389, .T. ) ;
#320 = DIRECTION ( 'NONE',  ( 0.000000000000000000, 0.000000000000000000, 1.000000000000000000 ) ) ;
#321 = CARTESIAN_POINT ( 'NONE',  ( 0.000000000000000000, 0.000000000000000000, -10.00000000000000000 ) ) ;
#322 = VECTOR ( 'NONE', #34, 1000.000000000000000 ) ;
#323 = EDGE_CURVE ( 'NONE', #201, #1232, #1385, .T. ) ;
#324 = CARTESIAN_POINT ( 'NONE',  ( 0.000000000000000000, 0.000000000000000000, 0.000000000000000000 ) ) ;
#325 = VECTOR ( 'NONE', #735, 1000.000000000000000 ) ;
#326 = ORIENTED_EDGE ( 'NONE', *, *, #414, .T. ) ;
#327 = CARTESIAN_POINT ( 'NONE',  ( 61.00000000000000000, 31.00000000000000000, 0.000000000000000000 ) ) ;
#328 = ORIENTED_EDGE ( 'NONE', *, *, #608, .T. ) ;
#329 = ORIENTED_EDGE ( 'NONE', *, *, #773, .T. ) ;
#330 = APPLICATION_CONTEXT ( 'automotive_design' ) ;
#331 = CARTESIAN_POINT ( 'NONE',  ( 200.0000000000000000, 0.000000000000000000, -10.00000000000000000 ) ) ;
#332 =( NAMED_UNIT ( * ) PLANE_ANGLE_UNIT ( ) SI_UNIT ( $, .RADIAN. ) );
#333 = AXIS2_PLACEMENT_3D ( 'NONE', #53, #981, #506 ) ;
#334 = AXIS2_PLACEMENT_3D ( 'NONE', #46, #960, #1421 ) ;
#335 = DIRECTION ( 'NONE',  ( -0.000000000000000000, -0.000000000000000000, -1.000000000000000000 ) ) ;
#336 = VERTEX_POINT ( 'NONE', #1234 ) ;
#337 = LINE ( 'NONE', #795, #1243 ) ;
#338 = EDGE_CURVE ( 'NONE', #87, #508, #80, .T. ) ;
#339 = CARTESIAN_POINT ( 'NONE',  ( -1.734723475976807094E-15, 40.00000000000000000, 0.000000000000000000 ) ) ;
#340 = CARTESIAN_POINT ( 'NONE',  ( 0.000000000000000000, 0.000000000000000000, 0.000000000000000000 ) ) ;
#341 = CYLINDRICAL_SURFACE ( 'NONE', #544, 1.249999999999890088 ) ;
#342 = VERTEX_POINT ( 'NONE', #209 ) ;
#343 = DIRECTION ( 'NONE',  ( 0.000000000000000000, 0.000000000000000000, 1.000000000000000000 ) ) ;
#344 = CARTESIAN_POINT ( 'NONE',  ( 50.00000000000000000, 31.00000000000000000, -2.000000000000000000 ) ) ;
#345 = VERTEX_POINT ( 'NONE', #217 ) ;
#346 = EDGE_CURVE ( 'NONE', #541, #1142, #37, .T. ) ;
#347 = DIRECTION ( 'NONE',  ( -0.000000000000000000, 0.000000000000000000, -1.000000000000000000 ) ) ;
#348 = MECHANICAL_DESIGN_GEOMETRIC_PRESENTATION_REPRESENTATION (  '', ( #872 ), #848 ) ;
#349 = ORIENTED_EDGE ( 'NONE', *, *, #1186, .T. ) ;
#350 = AXIS2_PLACEMENT_3D ( 'NONE', #267, #886, #1256 ) ;
#351 = LINE ( 'NONE', #366, #1023 ) ;
#352 =( LENGTH_UNIT ( ) NAMED_UNIT ( * ) SI_UNIT ( .MILLI., .METRE. ) );
#353 = ORIENTED_EDGE ( 'NONE', *, *, #862, .F. ) ;
#354 = ADVANCED_FACE ( 'NONE', ( #77 ), #527, .T. ) ;
#355 = FACE_OUTER_BOUND ( 'NONE', #149, .T. ) ;
#356 = AXIS2_PLACEMENT_3D ( 'NONE', #1332, #406, #847 ) ;
#357 = ORIENTED_EDGE ( 'NONE', *, *, #1206, .F. ) ;
#358 = AXIS2_PLACEMENT_3D ( 'NONE', #824, #909, #924 ) ;
#359 = CARTESIAN_POINT ( 'NONE',  ( 170.0000000000000000, 80.00000000000000000, -10.00000000000000000 ) ) ;
#360 = EDGE_LOOP ( 'NONE', ( #216, #951, #1283, #1162 ) ) ;
#361 = AXIS2_PLACEMENT_3D ( 'NONE', #287, #730, #494 ) ;
#362 = CARTESIAN_POINT ( 'NONE',  ( -37.19119923723501842, -104.0727611060021616, 1000.000000000007958 ) ) ;
#363 = ADVANCED_FACE ( 'NONE', ( #1472 ), #202, .T. ) ;
#364 = CARTESIAN_POINT ( 'NONE',  ( 10.00000000000000000, 40.00000000000000000, 0.000000000000000000 ) ) ;
#365 = ORIENTED_EDGE ( 'NONE', *, *, #1151, .F. ) ;
#366 = CARTESIAN_POINT ( 'NONE',  ( 0.000000000000000000, 0.000000000000000000, 0.000000000000000000 ) ) ;
#367 = VERTEX_POINT ( 'NONE', #790 ) ;
#368 = SHAPE_DEFINITION_REPRESENTATION ( #1437, #491 ) ;
#369 = CARTESIAN_POINT ( 'NONE',  ( 130.0000000000000000, 50.00000000000000000, 0.000000000000000000 ) ) ;
#370 = VERTEX_POINT ( 'NONE', #659 ) ;
#371 = UNCERTAINTY_MEASURE_WITH_UNIT (LENGTH_MEASURE( 1.000000000000000082E-05 ), #434, 'distance_accuracy_value', 'NONE');
#372 = PLANE ( 'NONE',  #298 ) ;
#373 = CARTESIAN_POINT ( 'NONE',  ( 170.0000000000000000, 80.00000000000000000, -10.00000000000000000 ) ) ;
#374 = ORIENTED_EDGE ( 'NONE', *, *, #14, .T. ) ;
#375 = AXIS2_PLACEMENT_3D ( 'NONE', #344, #701, #127 ) ;
#376 = VECTOR ( 'NONE', #1281, 1000.000000000000000 ) ;
#377 = DIRECTION ( 'NONE',  ( 0.000000000000000000, 0.000000000000000000, 1.000000000000000000 ) ) ;
#378 = ORIENTED_EDGE ( 'NONE', *, *, #30, .T. ) ;
#379 = DIRECTION ( 'NONE',  ( 0.000000000000000000, 0.000000000000000000, 1.000000000000000000 ) ) ;
#380 = DIRECTION ( 'NONE',  ( -1.000000000000000000, 0.000000000000000000, 0.000000000000000000 ) ) ;
#381 = EDGE_LOOP ( 'NONE', ( #982, #518, #450, #805 ) ) ;
#382 = AXIS2_PLACEMENT_3D ( 'NONE', #212, #1236, #1257 ) ;
#383 = AXIS2_PLACEMENT_3D ( 'NONE', #609, #974, #1079 ) ;
#384 = DIRECTION ( 'NONE',  ( 0.000000000000000000, 0.000000000000000000, 1.000000000000000000 ) ) ;
#385 = DIRECTION ( 'NONE',  ( 1.000000000000000000, 0.000000000000000000, 0.000000000000000000 ) ) ;
#386 = DIRECTION ( 'NONE',  ( -1.000000000000000000, 0.000000000000000000, 0.000000000000000000 ) ) ;
#387 = ORIENTED_EDGE ( 'NONE', *, *, #338, .T. ) ;
#388 = LINE ( 'NONE', #408, #713 ) ;
#389 = EDGE_CURVE ( 'NONE', #336, #550, #1314, .T. ) ;
#390 = DIRECTION ( 'NONE',  ( 1.000000000000000000, 0.000000000000000000, 0.000000000000000000 ) ) ;
#391 = CYLINDRICAL_SURFACE ( 'NONE', #1007, 1.249999999999890088 ) ;
#392 = DIRECTION ( 'NONE',  ( 0.000000000000000000, 0.000000000000000000, 1.000000000000000000 ) ) ;
#393 = ORIENTED_EDGE ( 'NONE', *, *, #1039, .F. ) ;
#394 = DIRECTION ( 'NONE',  ( 1.000000000000000000, 0.000000000000000000, 0.000000000000000000 ) ) ;
#395 = VECTOR ( 'NONE', #1478, 1000.000000000000000 ) ;
#396 = VECTOR ( 'NONE', #69, 1000.000000000000000 ) ;
#397 = PLANE ( 'NONE',  #952 ) ;
#398 = DIRECTION ( 'NONE',  ( 1.000000000000000000, 0.000000000000000000, 0.000000000000000000 ) ) ;
#399 = DIRECTION ( 'NONE',  ( 1.000000000000000000, 0.000000000000000000, 0.000000000000000000 ) ) ;
#400 = ORIENTED_EDGE ( 'NONE', *, *, #1108, .F. ) ;
#401 = CARTESIAN_POINT ( 'NONE',  ( 200.0000000000000000, 0.000000000000000000, -10.00000000000000000 ) ) ;
#402 = CIRCLE ( 'NONE', #382, 10.00000000000000178 ) ;
#403 = PRODUCT_DEFINITION_FORMATION_WITH_SPECIFIED_SOURCE ( 'ANY', '', #1267, .NOT_KNOWN. ) ;
#404 = CYLINDRICAL_SURFACE ( 'NONE', #618, 4.499999999999997335 ) ;
#405 = EDGE_CURVE ( 'NONE', #1142, #76, #1130, .T. ) ;
#406 = DIRECTION ( 'NONE',  ( 0.000000000000000000, 0.000000000000000000, -1.000000000000000000 ) ) ;
#407 = ORIENTED_EDGE ( 'NONE', *, *, #81, .T. ) ;
#408 = CARTESIAN_POINT ( 'NONE',  ( 140.0000000000000000, 60.00000000000000711, -10.00000000000000000 ) ) ;
#409 = CYLINDRICAL_SURFACE ( 'NONE', #1340, 10.00000000000000355 ) ;
#410 = DIRECTION ( 'NONE',  ( 0.000000000000000000, 0.000000000000000000, 1.000000000000000000 ) ) ;
#411 = ADVANCED_FACE ( 'NONE', ( #1339 ), #1113, .F. ) ;
#412 = VERTEX_POINT ( 'NONE', #561 ) ;
#413 = CARTESIAN_POINT ( 'NONE',  ( 170.0000000000000000, 80.00000000000000000, 0.000000000000000000 ) ) ;
#414 = EDGE_CURVE ( 'NONE', #550, #1038, #1309, .T. ) ;
#415 = LINE ( 'NONE', #871, #417 ) ;
#416 = DIRECTION ( 'NONE',  ( -0.000000000000000000, -0.000000000000000000, -1.000000000000000000 ) ) ;
#417 = VECTOR ( 'NONE', #1223, 1000.000000000000000 ) ;
#418 = AXIS2_PLACEMENT_3D ( 'NONE', #994, #985, #425 ) ;
#419 = CARTESIAN_POINT ( 'NONE',  ( 170.0000000000000000, 80.00000000000000000, -10.00000000000000000 ) ) ;
#420 = ORIENTED_EDGE ( 'NONE', *, *, #459, .F. ) ;
#421 = VERTEX_POINT ( 'NONE', #635 ) ;
#422 = VERTEX_POINT ( 'NONE', #516 ) ;
#423 = EDGE_CURVE ( 'NONE', #654, #905, #136, .T. ) ;
#424 = AXIS2_PLACEMENT_3D ( 'NONE', #1042, #1285, #390 ) ;
#425 = DIRECTION ( 'NONE',  ( 1.000000000000000000, 0.000000000000000000, 0.000000000000000000 ) ) ;
#426 = AXIS2_PLACEMENT_3D ( 'NONE', #47, #161, #514 ) ;
#427 = LINE ( 'NONE', #887, #472 ) ;
#428 = EDGE_LOOP ( 'NONE', ( #1308, #646 ) ) ;
#429 = CARTESIAN_POINT ( 'NONE',  ( 66.74999999999995737, 46.50000000000011369, -10.00000000000000000 ) ) ;
#430 = DIRECTION ( 'NONE',  ( 0.000000000000000000, 0.000000000000000000, 1.000000000000000000 ) ) ;
#431 = VERTEX_POINT ( 'NONE', #978 ) ;
#432 = EDGE_CURVE ( 'NONE', #1132, #501, #1425, .T. ) ;
#433 = FACE_OUTER_BOUND ( 'NONE', #813, .T. ) ;
#434 =( LENGTH_UNIT ( ) NAMED_UNIT ( * ) SI_UNIT ( .MILLI., .METRE. ) );
#435 = DIRECTION ( 'NONE',  ( 1.000000000000000000, 0.000000000000000000, 0.000000000000000000 ) ) ;
#436 = VERTEX_POINT ( 'NONE', #749 ) ;
#437 = CARTESIAN_POINT ( 'NONE',  ( 0.000000000000000000, 0.000000000000000000, 10.00000000000000000 ) ) ;
#438 = ORIENTED_EDGE ( 'NONE', *, *, #243, .T. ) ;
#439 = CARTESIAN_POINT ( 'NONE',  ( 0.000000000000000000, 0.000000000000000000, -10.00000000000000000 ) ) ;
#440 = VECTOR ( 'NONE', #606, 1000.000000000000000 ) ;
#441 = EDGE_CURVE ( 'NONE', #367, #1025, #1481, .T. ) ;
#442 = DIRECTION ( 'NONE',  ( 1.000000000000000000, 0.000000000000000000, 0.000000000000000000 ) ) ;
#443 = ORIENTED_EDGE ( 'NONE', *, *, #25, .T. ) ;
#444 = DIRECTION ( 'NONE',  ( -1.000000000000000000, 0.000000000000000000, 0.000000000000000000 ) ) ;
#445 = EDGE_LOOP ( 'NONE', ( #155, #1350, #1344, #1110 ) ) ;
#446 =( NAMED_UNIT ( * ) SI_UNIT ( $, .STERADIAN. ) SOLID_ANGLE_UNIT ( ) );
#447 = AXIS2_PLACEMENT_3D ( 'NONE', #248, #812, #2 ) ;
#448 = CARTESIAN_POINT ( 'NONE',  ( 0.000000000000000000, 0.000000000000000000, -10.00000000000000000 ) ) ;
#449 = ADVANCED_FACE ( 'NONE', ( #56 ), #503, .F. ) ;
#450 = ORIENTED_EDGE ( 'NONE', *, *, #839, .T. ) ;
#451 = SURFACE_STYLE_FILL_AREA ( #568 ) ;
#452 = CARTESIAN_POINT ( 'NONE',  ( 10.00000000000000000, 50.00000000000000000, 0.000000000000000000 ) ) ;
#453 = PRODUCT ( 'primer eslabon_pared', 'primer eslabon_pared', '', ( #1164 ) ) ;
#454 = EDGE_LOOP ( 'NONE', ( #190, #1342, #970, #551 ) ) ;
#455 = PRODUCT_CONTEXT ( 'NONE', #663, 'mechanical' ) ;
#456 = CARTESIAN_POINT ( 'NONE',  ( 33.25000000000000000, 46.49999999999978684, -10.00000000000000000 ) ) ;
#457 = EDGE_LOOP ( 'NONE', ( #134, #778, #560, #523 ) ) ;
#458 = PRODUCT_DEFINITION_CONTEXT ( 'detailed design', #557, 'design' ) ;
#459 = EDGE_CURVE ( 'NONE', #412, #226, #532, .T. ) ;
#460 = FACE_OUTER_BOUND ( 'NONE', #585, .T. ) ;
#461 = EDGE_LOOP ( 'NONE', ( #1002, #679 ) ) ;
#462 = EDGE_CURVE ( 'NONE', #787, #185, #754, .T. ) ;
#463 = SHAPE_DEFINITION_REPRESENTATION ( #766, #1215 ) ;
#464 = DIRECTION ( 'NONE',  ( 1.000000000000000000, 0.000000000000000000, 0.000000000000000000 ) ) ;
#465 = EDGE_LOOP ( 'NONE', ( #477, #928, #290, #998 ) ) ;
#466 = VECTOR ( 'NONE', #1414, 1000.000000000000000 ) ;
#467 = CARTESIAN_POINT ( 'NONE',  ( 170.0000000000000000, 80.00000000000000000, 0.000000000000000000 ) ) ;
#468 = ORIENTED_EDGE ( 'NONE', *, *, #50, .F. ) ;
#469 = VECTOR ( 'NONE', #878, 1000.000000000000000 ) ;
#470 = EDGE_CURVE ( 'NONE', #303, #977, #1043, .T. ) ;
#471 = PLANE ( 'NONE',  #211 ) ;
#472 = VECTOR ( 'NONE', #442, 1000.000000000000000 ) ;
#473 = ORIENTED_EDGE ( 'NONE', *, *, #39, .T. ) ;
#474 = AXIS2_PLACEMENT_3D ( 'NONE', #670, #315, #1218 ) ;
#475 = FACE_BOUND ( 'NONE', #483, .T. ) ;
#476 =( NAMED_UNIT ( * ) SI_UNIT ( $, .STERADIAN. ) SOLID_ANGLE_UNIT ( ) );
#477 = ORIENTED_EDGE ( 'NONE', *, *, #405, .F. ) ;
#478 = EDGE_CURVE ( 'NONE', #249, #246, #181, .T. ) ;
#479 = DIRECTION ( 'NONE',  ( 1.000000000000000000, 0.000000000000000000, 0.000000000000000000 ) ) ;
#480 = ORIENTED_EDGE ( 'NONE', *, *, #644, .F. ) ;
#481 = CARTESIAN_POINT ( 'NONE',  ( 33.25000000000000000, 46.49999999999978684, -10.00000000000000000 ) ) ;
#482 = DIRECTION ( 'NONE',  ( 1.000000000000000000, 0.000000000000000000, 0.000000000000000000 ) ) ;
#483 = EDGE_LOOP ( 'NONE', ( #1370, #906 ) ) ;
#484 = LINE ( 'NONE', #1292, #1219 ) ;
#485 = VERTEX_POINT ( 'NONE', #990 ) ;
#486 = DIRECTION ( 'NONE',  ( -1.000000000000000000, 0.000000000000000000, 0.000000000000000000 ) ) ;
#487 = LINE ( 'NONE', #1081, #107 ) ;
#488 = ORIENTED_EDGE ( 'NONE', *, *, #1338, .T. ) ;
#489 = VECTOR ( 'NONE', #732, 1000.000000000000000 ) ;
#490 = AXIS2_PLACEMENT_3D ( 'NONE', #153, #949, #941 ) ;
#491 = SHAPE_REPRESENTATION ( 'primer eslabon_pared', ( #1026 ), #955 ) ;
#492 = LINE ( 'NONE', #832, #1147 ) ;
#493 = AXIS2_PLACEMENT_3D ( 'NONE', #860, #846, #1428 ) ;
#494 = DIRECTION ( 'NONE',  ( 0.000000000000000000, 0.000000000000000000, 1.000000000000000000 ) ) ;
#495 = EDGE_CURVE ( 'NONE', #904, #485, #388, .T. ) ;
#496 = CARTESIAN_POINT ( 'NONE',  ( 140.0000000000000000, 60.00000000000000711, 0.000000000000000000 ) ) ;
#497 = ORIENTED_EDGE ( 'NONE', *, *, #1435, .T. ) ;
#498 = DIRECTION ( 'NONE',  ( 1.000000000000000000, 0.000000000000000000, 0.000000000000000000 ) ) ;
#499 = CARTESIAN_POINT ( 'NONE',  ( 65.50000000000000000, 46.50000000000011369, -10.00000000000000000 ) ) ;
#500 = FACE_OUTER_BOUND ( 'NONE', #936, .T. ) ;
#501 = VERTEX_POINT ( 'NONE', #401 ) ;
#502 = EDGE_CURVE ( 'NONE', #185, #281, #274, .T. ) ;
#503 = CYLINDRICAL_SURFACE ( 'NONE', #687, 1.250000000000001110 ) ;
#504 =( REPRESENTATION_RELATIONSHIP ('NONE','NONE', #539, #1065 ) REPRESENTATION_RELATIONSHIP_WITH_TRANSFORMATION ( #1277 )SHAPE_REPRESENTATION_RELATIONSHIP( ) );
#505 = CARTESIAN_POINT ( 'NONE',  ( 200.0000000000000000, 0.000000000000000000, -10.00000000000000000 ) ) ;
#506 = DIRECTION ( 'NONE',  ( 1.000000000000000000, 0.000000000000000000, 0.000000000000000000 ) ) ;
#507 = LINE ( 'NONE', #726, #440 ) ;
#508 = VERTEX_POINT ( 'NONE', #1201 ) ;
#509 = PLANE ( 'NONE',  #852 ) ;
#510 = VECTOR ( 'NONE', #996, 1000.000000000000000 ) ;
#511 = AXIS2_PLACEMENT_3D ( 'NONE', #641, #1097, #983 ) ;
#512 = ADVANCED_FACE ( 'NONE', ( #864 ), #859, .F. ) ;
#513 = DIRECTION ( 'NONE',  ( 1.734723475976807094E-16, -1.000000000000000000, -0.000000000000000000 ) ) ;
#514 = DIRECTION ( 'NONE',  ( 1.000000000000000000, 0.000000000000000000, 0.000000000000000000 ) ) ;
#515 = ORIENTED_EDGE ( 'NONE', *, *, #1386, .F. ) ;
#516 = CARTESIAN_POINT ( 'NONE',  ( 79.99999999999998579, 0.000000000000000000, 0.000000000000000000 ) ) ;
#517 = AXIS2_PLACEMENT_3D ( 'NONE', #1364, #219, #105 ) ;
#518 = ORIENTED_EDGE ( 'NONE', *, *, #820, .F. ) ;
#519 = PRODUCT_DEFINITION_SHAPE ( 'NONE', 'NONE',  #1484 ) ;
#520 = ADVANCED_FACE ( 'NONE', ( #301, #1318, #1103, #1214, #184, #524, #282 ), #1078, .T. ) ;
#521 = CYLINDRICAL_SURFACE ( 'NONE', #493, 11.00000000000001066 ) ;
#522 = CYLINDRICAL_SURFACE ( 'NONE', #975, 11.00000000000001066 ) ;
#523 = ORIENTED_EDGE ( 'NONE', *, *, #862, .T. ) ;
#524 = FACE_BOUND ( 'NONE', #682, .T. ) ;
#525 = ORIENTED_EDGE ( 'NONE', *, *, #1473, .F. ) ;
#526 = ADVANCED_BREP_SHAPE_REPRESENTATION ( '', ( #112, #1026 ), #955 ) ;
#527 = PLANE ( 'NONE',  #756 ) ;
#528 = DIRECTION ( 'NONE',  ( 1.000000000000000000, 0.000000000000000000, 0.000000000000000000 ) ) ;
#529 = CARTESIAN_POINT ( 'NONE',  ( -3.469446951953614189E-14, 200.0000000000000000, 10.00000000000000000 ) ) ;
#530 = ADVANCED_FACE ( 'NONE', ( #1335 ), #509, .T. ) ;
#531 = ORIENTED_EDGE ( 'NONE', *, *, #346, .F. ) ;
#532 = LINE ( 'NONE', #1326, #614 ) ;
#533 = ORIENTED_EDGE ( 'NONE', *, *, #151, .T. ) ;
#534 = VECTOR ( 'NONE', #1120, 1000.000000000000000 ) ;
#535 = DIRECTION ( 'NONE',  ( 1.000000000000000000, 0.000000000000000000, 0.000000000000000000 ) ) ;
#536 = VECTOR ( 'NONE', #780, 1000.000000000000000 ) ;
#537 = CYLINDRICAL_SURFACE ( 'NONE', #1163, 4.499999999999997335 ) ;
#538 = VECTOR ( 'NONE', #394, 1000.000000000000000 ) ;
#539 = SHAPE_REPRESENTATION ( 'Link 1', ( #1122, #358, #1051, #1195 ), #1299 ) ;
#540 = DIRECTION ( 'NONE',  ( 1.000000000000000000, 0.000000000000000000, 0.000000000000000000 ) ) ;
#541 = VERTEX_POINT ( 'NONE', #51 ) ;
#542 = ADVANCED_FACE ( 'NONE', ( #1343 ), #84, .F. ) ;
#543 = LINE ( 'NONE', #1445, #1358 ) ;
#544 = AXIS2_PLACEMENT_3D ( 'NONE', #1017, #79, #203 ) ;
#545 = DIRECTION ( 'NONE',  ( -0.000000000000000000, 0.000000000000000000, -1.000000000000000000 ) ) ;
#546 = DIRECTION ( 'NONE',  ( 0.000000000000000000, 0.000000000000000000, 1.000000000000000000 ) ) ;
#547 = CYLINDRICAL_SURFACE ( 'NONE', #517, 1.250000000000001110 ) ;
#548 = ORIENTED_EDGE ( 'NONE', *, *, #973, .F. ) ;
#549 = PRESENTATION_STYLE_ASSIGNMENT (( #776 ) ) ;
#550 = VERTEX_POINT ( 'NONE', #914 ) ;
#551 = ORIENTED_EDGE ( 'NONE', *, *, #728, .T. ) ;
#552 = ADVANCED_FACE ( 'NONE', ( #108 ), #558, .T. ) ;
#553 = CARTESIAN_POINT ( 'NONE',  ( 159.0000000000000000, 80.00000000000000000, 0.000000000000000000 ) ) ;
#554 =( LENGTH_UNIT ( ) NAMED_UNIT ( * ) SI_UNIT ( .MILLI., .METRE. ) );
#555 = LINE ( 'NONE', #1349, #262 ) ;
#556 = ORIENTED_EDGE ( 'NONE', *, *, #1297, .T. ) ;
#557 = APPLICATION_CONTEXT ( 'automotive_design' ) ;
#558 = PLANE ( 'NONE',  #590 ) ;
#559 = DIRECTION ( 'NONE',  ( 1.000000000000000000, 0.000000000000000000, 0.000000000000000000 ) ) ;
#560 = ORIENTED_EDGE ( 'NONE', *, *, #495, .T. ) ;
#561 = CARTESIAN_POINT ( 'NONE',  ( 200.0000000000000000, 0.000000000000000000, -10.00000000000000000 ) ) ;
#562 = EDGE_CURVE ( 'NONE', #7, #268, #59, .T. ) ;
#563 = CIRCLE ( 'NONE', #1408, 11.00000000000001066 ) ;
#564 = CARTESIAN_POINT ( 'NONE',  ( -3.469446951953614189E-14, 200.0000000000000000, 10.00000000000000000 ) ) ;
#565 = CIRCLE ( 'NONE', #111, 10.99999999999999645 ) ;
#566 = ORIENTED_EDGE ( 'NONE', *, *, #186, .T. ) ;
#567 = UNCERTAINTY_MEASURE_WITH_UNIT (LENGTH_MEASURE( 1.000000000000000082E-05 ), #1016, 'distance_accuracy_value', 'NONE');
#568 = FILL_AREA_STYLE ('',( #576 ) ) ;
#569 = CARTESIAN_POINT ( 'NONE',  ( 140.0000000000000000, 80.00000000000000000, -10.00000000000000000 ) ) ;
#570 = APPLICATION_PROTOCOL_DEFINITION ( 'draft international standard', 'automotive_design', 1998, #817 ) ;
#571 = VECTOR ( 'NONE', #335, 1000.000000000000000 ) ;
#572 = EDGE_CURVE ( 'NONE', #10, #733, #1351, .T. ) ;
#573 = CIRCLE ( 'NONE', #307, 1.249999999999890088 ) ;
#574 = FACE_BOUND ( 'NONE', #32, .T. ) ;
#575 = EDGE_LOOP ( 'NONE', ( #1424, #1251, #18, #556 ) ) ;
#576 = FILL_AREA_STYLE_COLOUR ( '', #804 ) ;
#577 = FILL_AREA_STYLE ('',( #229 ) ) ;
#578 = ORIENTED_EDGE ( 'NONE', *, *, #1420, .F. ) ;
#579 = DIRECTION ( 'NONE',  ( 1.000000000000000000, 1.387778780781445676E-16, 0.000000000000000000 ) ) ;
#580 = CARTESIAN_POINT ( 'NONE',  ( 10.00000000000000000, 50.00000000000000000, 0.000000000000000000 ) ) ;
#581 = ORIENTED_EDGE ( 'NONE', *, *, #1375, .F. ) ;
#582 = DIRECTION ( 'NONE',  ( 1.000000000000000000, 0.000000000000000000, 0.000000000000000000 ) ) ;
#583 = EDGE_CURVE ( 'NONE', #649, #421, #337, .T. ) ;
#584 = DIRECTION ( 'NONE',  ( 0.000000000000000000, 0.000000000000000000, 1.000000000000000000 ) ) ;
#585 = EDGE_LOOP ( 'NONE', ( #1044, #827, #771, #940, #1177, #1480, #715, #1180 ) ) ;
#586 = APPLICATION_PROTOCOL_DEFINITION ( 'draft international standard', 'automotive_design', 1998, #23 ) ;
#587 = FACE_OUTER_BOUND ( 'NONE', #1241, .T. ) ;
#588 = CLOSED_SHELL ( 'NONE', ( #1270, #150, #1148, #512, #542, #946 ) ) ;
#589 = ORIENTED_EDGE ( 'NONE', *, *, #478, .F. ) ;
#590 = AXIS2_PLACEMENT_3D ( 'NONE', #1126, #199, #786 ) ;
#591 = CYLINDRICAL_SURFACE ( 'NONE', #188, 1.249999999999959588 ) ;
#592 = VERTEX_POINT ( 'NONE', #655 ) ;
#593 = EDGE_CURVE ( 'NONE', #336, #748, #1452, .T. ) ;
#594 = DIRECTION ( 'NONE',  ( -0.000000000000000000, -0.000000000000000000, 1.000000000000000000 ) ) ;
#595 = ORIENTED_EDGE ( 'NONE', *, *, #1186, .F. ) ;
#596 = DIRECTION ( 'NONE',  ( 0.000000000000000000, 0.000000000000000000, 1.000000000000000000 ) ) ;
#597 = PRODUCT_DEFINITION_CONTEXT ( 'detailed design', #1027, 'design' ) ;
#598 = DIRECTION ( 'NONE',  ( 0.000000000000000000, 0.000000000000000000, 1.000000000000000000 ) ) ;
#599 = LINE ( 'NONE', #942, #731 ) ;
#600 = ORIENTED_EDGE ( 'NONE', *, *, #1159, .T. ) ;
#601 = MANIFOLD_SOLID_BREP ( 'Saliente-Extruir1', #1477 ) ;
#602 = EDGE_CURVE ( 'NONE', #501, #1460, #1265, .T. ) ;
#603 = FACE_OUTER_BOUND ( 'NONE', #213, .T. ) ;
#604 = ORIENTED_EDGE ( 'NONE', *, *, #723, .F. ) ;
#605 = DIRECTION ( 'NONE',  ( -1.000000000000000000, 0.000000000000000000, 0.000000000000000000 ) ) ;
#606 = DIRECTION ( 'NONE',  ( -1.000000000000000000, -0.000000000000000000, -0.000000000000000000 ) ) ;
#607 = ORIENTED_EDGE ( 'NONE', *, *, #1310, .F. ) ;
#608 = EDGE_CURVE ( 'NONE', #719, #796, #1242, .T. ) ;
#609 = CARTESIAN_POINT ( 'NONE',  ( 10.00000000000000000, 50.00000000000000000, -10.00000000000000000 ) ) ;
#610 = DIRECTION ( 'NONE',  ( -0.000000000000000000, -0.000000000000000000, -1.000000000000000000 ) ) ;
#611 = CARTESIAN_POINT ( 'NONE',  ( 0.000000000000000000, 0.000000000000000000, 0.000000000000000000 ) ) ;
#612 = ORIENTED_EDGE ( 'NONE', *, *, #502, .T. ) ;
#613 = VECTOR ( 'NONE', #648, 1000.000000000000000 ) ;
#614 = VECTOR ( 'NONE', #1207, 1000.000000000000000 ) ;
#615 = CARTESIAN_POINT ( 'NONE',  ( 54.50000000000000000, 31.00000000000000000, -2.000000000000000000 ) ) ;
#616 = DIRECTION ( 'NONE',  ( 1.000000000000000000, 0.000000000000000000, 0.000000000000000000 ) ) ;
#617 = EDGE_CURVE ( 'NONE', #485, #10, #83, .T. ) ;
#618 = AXIS2_PLACEMENT_3D ( 'NONE', #38, #744, #616 ) ;
#619 = DIRECTION ( 'NONE',  ( 0.000000000000000000, 0.000000000000000000, 1.000000000000000000 ) ) ;
#620 = DIRECTION ( 'NONE',  ( 0.000000000000000000, 0.000000000000000000, 1.000000000000000000 ) ) ;
#621 = ORIENTED_EDGE ( 'NONE', *, *, #470, .T. ) ;
#622 = VECTOR ( 'NONE', #58, 1000.000000000000000 ) ;
#623 = DIRECTION ( 'NONE',  ( 0.000000000000000000, 0.000000000000000000, 1.000000000000000000 ) ) ;
#624 = CIRCLE ( 'NONE', #167, 1.250000000000001110 ) ;
#625 = LINE ( 'NONE', #1441, #693 ) ;
#626 = DIRECTION ( 'NONE',  ( 1.000000000000000000, 0.000000000000000000, -0.000000000000000000 ) ) ;
#627 = LINE ( 'NONE', #1418, #253 ) ;
#628 = ORIENTED_EDGE ( 'NONE', *, *, #1091, .F. ) ;
#629 = EDGE_CURVE ( 'NONE', #1205, #42, #1239, .T. ) ;
#630 = DIRECTION ( 'NONE',  ( -1.000000000000000000, 0.000000000000000000, 0.000000000000000000 ) ) ;
#631 = CYLINDRICAL_SURFACE ( 'NONE', #881, 10.99999999999999645 ) ;
#632 = CARTESIAN_POINT ( 'NONE',  ( 140.0000000000000000, 80.00000000000000000, -10.00000000000000000 ) ) ;
#633 = CARTESIAN_POINT ( 'NONE',  ( 140.0000000000000000, 60.00000000000000711, -10.00000000000000000 ) ) ;
#634 = ORIENTED_EDGE ( 'NONE', *, *, #263, .F. ) ;
#635 = CARTESIAN_POINT ( 'NONE',  ( 66.74999999999995737, 46.50000000000011369, 0.000000000000000000 ) ) ;
#636 = PRESENTATION_LAYER_ASSIGNMENT (  '', '', ( #872 ) ) ;
#637 = PRODUCT_RELATED_PRODUCT_CATEGORY ( 'part', '', ( #453 ) ) ;
#638 = CARTESIAN_POINT ( 'NONE',  ( 170.0000000000000000, 80.00000000000000000, -10.00000000000000000 ) ) ;
#639 = DIRECTION ( 'NONE',  ( -0.000000000000000000, -1.000000000000000000, -0.000000000000000000 ) ) ;
#640 = ORIENTED_EDGE ( 'NONE', *, *, #1171, .T. ) ;
#641 = CARTESIAN_POINT ( 'NONE',  ( 34.50000000000000000, 46.49999999999978684, 0.000000000000000000 ) ) ;
#642 = CARTESIAN_POINT ( 'NONE',  ( 130.0000000000000000, 50.00000000000000000, -10.00000000000000000 ) ) ;
#643 = AXIS2_PLACEMENT_3D ( 'NONE', #803, #818, #710 ) ;
#644 = EDGE_CURVE ( 'NONE', #1247, #258, #927, .T. ) ;
#645 = CARTESIAN_POINT ( 'NONE',  ( 66.75000000000029843, 15.50000000000010658, 0.000000000000000000 ) ) ;
#646 = ORIENTED_EDGE ( 'NONE', *, *, #1435, .F. ) ;
#647 = DIRECTION ( 'NONE',  ( 1.000000000000000000, 0.000000000000000000, 0.000000000000000000 ) ) ;
#648 = DIRECTION ( 'NONE',  ( 0.000000000000000000, 0.000000000000000000, 1.000000000000000000 ) ) ;
#649 = VERTEX_POINT ( 'NONE', #429 ) ;
#650 = CARTESIAN_POINT ( 'NONE',  ( 170.0000000000000000, 80.00000000000000000, -10.00000000000000000 ) ) ;
#651 = CARTESIAN_POINT ( 'NONE',  ( 200.0000000000000000, 80.00000000000000000, -10.00000000000000000 ) ) ;
#652 = ADVANCED_FACE ( 'NONE', ( #889 ), #1119, .F. ) ;
#653 = DIRECTION ( 'NONE',  ( 0.000000000000000000, 0.000000000000000000, 1.000000000000000000 ) ) ;
#654 = VERTEX_POINT ( 'NONE', #327 ) ;
#655 = CARTESIAN_POINT ( 'NONE',  ( 45.50000000000000711, 31.00000000000000000, -2.000000000000000000 ) ) ;
#656 = DIRECTION ( 'NONE',  ( 1.000000000000000000, 0.000000000000000000, 0.000000000000000000 ) ) ;
#657 = ORIENTED_EDGE ( 'NONE', *, *, #738, .F. ) ;
#658 = PRESENTATION_LAYER_ASSIGNMENT (  '', '', ( #1137 ) ) ;
#659 = CARTESIAN_POINT ( 'NONE',  ( 79.99999999999995737, 200.0000000000000000, 0.000000000000000000 ) ) ;
#660 = VECTOR ( 'NONE', #313, 1000.000000000000000 ) ;
#661 = CARTESIAN_POINT ( 'NONE',  ( 79.99999999999998579, 0.000000000000000000, 10.00000000000000000 ) ) ;
#662 = ORIENTED_EDGE ( 'NONE', *, *, #144, .T. ) ;
#663 = APPLICATION_CONTEXT ( 'automotive_design' ) ;
#664 = DIRECTION ( 'NONE',  ( 1.000000000000000000, 0.000000000000000000, 0.000000000000000000 ) ) ;
#665 = ADVANCED_FACE ( 'NONE', ( #1405 ), #266, .T. ) ;
#666 = CARTESIAN_POINT ( 'NONE',  ( 159.0000000000000000, 80.00000000000000000, -10.00000000000000000 ) ) ;
#667 = ORIENTED_EDGE ( 'NONE', *, *, #50, .T. ) ;
#668 = CARTESIAN_POINT ( 'NONE',  ( 10.00000000000000000, 40.00000000000000000, 0.000000000000000000 ) ) ;
#669 = PRODUCT_DEFINITION_FORMATION_WITH_SPECIFIED_SOURCE ( 'ANY', '', #453, .NOT_KNOWN. ) ;
#670 = CARTESIAN_POINT ( 'NONE',  ( 65.50000000000000000, 46.50000000000011369, -10.00000000000000000 ) ) ;
#671 = CARTESIAN_POINT ( 'NONE',  ( 200.0000000000000000, 80.00000000000000000, -10.00000000000000000 ) ) ;
#672 = ORIENTED_EDGE ( 'NONE', *, *, #683, .T. ) ;
#673 = ORIENTED_EDGE ( 'NONE', *, *, #30, .F. ) ;
#674 = ORIENTED_EDGE ( 'NONE', *, *, #773, .F. ) ;
#675 = EDGE_CURVE ( 'NONE', #342, #230, #351, .T. ) ;
#676 = DIRECTION ( 'NONE',  ( -1.000000000000000000, 0.000000000000000000, 0.000000000000000000 ) ) ;
#677 = DIRECTION ( 'NONE',  ( 0.000000000000000000, 0.000000000000000000, 1.000000000000000000 ) ) ;
#678 = FACE_OUTER_BOUND ( 'NONE', #445, .T. ) ;
#679 = ORIENTED_EDGE ( 'NONE', *, *, #1473, .T. ) ;
#680 = DIRECTION ( 'NONE',  ( 1.000000000000000000, 0.000000000000000000, 0.000000000000000000 ) ) ;
#681 = PRESENTATION_STYLE_ASSIGNMENT (( #1035 ) ) ;
#682 = EDGE_LOOP ( 'NONE', ( #329, #1150 ) ) ;
#683 = EDGE_CURVE ( 'NONE', #281, #370, #700, .T. ) ;
#684 = PRODUCT ( 'Link 1', 'Link 1', '', ( #937 ) ) ;
#685 = VECTOR ( 'NONE', #1098, 1000.000000000000000 ) ;
#686 = CARTESIAN_POINT ( 'NONE',  ( 33.25000000000031974, 15.49999999999978506, -10.00000000000000000 ) ) ;
#687 = AXIS2_PLACEMENT_3D ( 'NONE', #178, #191, #851 ) ;
#688 = ORIENTED_EDGE ( 'NONE', *, *, #1227, .F. ) ;
#689 = UNCERTAINTY_MEASURE_WITH_UNIT (LENGTH_MEASURE( 1.000000000000000082E-05 ), #352, 'distance_accuracy_value', 'NONE');
#690 = DIRECTION ( 'NONE',  ( 1.000000000000000000, 0.000000000000000000, 0.000000000000000000 ) ) ;
#691 = SURFACE_SIDE_STYLE ('',( #238 ) ) ;
#692 = ORIENTED_EDGE ( 'NONE', *, *, #289, .F. ) ;
#693 = VECTOR ( 'NONE', #384, 1000.000000000000000 ) ;
#694 = CIRCLE ( 'NONE', #284, 1.250000000000001110 ) ;
#695 = EDGE_CURVE ( 'NONE', #431, #421, #1213, .T. ) ;
#696 = AXIS2_PLACEMENT_3D ( 'NONE', #33, #140, #19 ) ;
#697 = DIRECTION ( 'NONE',  ( 0.000000000000000000, 0.000000000000000000, 1.000000000000000000 ) ) ;
#698 = VERTEX_POINT ( 'NONE', #1034 ) ;
#699 =( REPRESENTATION_RELATIONSHIP ('NONE','NONE', #539, #491 ) REPRESENTATION_RELATIONSHIP_WITH_TRANSFORMATION ( #1387 )SHAPE_REPRESENTATION_RELATIONSHIP( ) );
#700 = LINE ( 'NONE', #815, #376 ) ;
#701 = DIRECTION ( 'NONE',  ( -0.000000000000000000, -0.000000000000000000, -1.000000000000000000 ) ) ;
#702 = VERTEX_POINT ( 'NONE', #4 ) ;
#703 = SHAPE_REPRESENTATION_RELATIONSHIP ( 'NONE' , 'NONE' ,  #1065, #1160 ) ;
#704 = DIRECTION ( 'NONE',  ( 1.000000000000000000, 0.000000000000000000, 0.000000000000000000 ) ) ;
#705 = EDGE_CURVE ( 'NONE', #508, #87, #565, .T. ) ;
#706 = EDGE_LOOP ( 'NONE', ( #68, #1411 ) ) ;
#707 = CARTESIAN_POINT ( 'NONE',  ( 10.00000000000000000, 50.00000000000000000, -10.00000000000000000 ) ) ;
#708 = ORIENTED_EDGE ( 'NONE', *, *, #151, .F. ) ;
#709 =( NAMED_UNIT ( * ) SI_UNIT ( $, .STERADIAN. ) SOLID_ANGLE_UNIT ( ) );
#710 = DIRECTION ( 'NONE',  ( 0.000000000000000000, 0.000000000000000000, -1.000000000000000000 ) ) ;
#711 = AXIS2_PLACEMENT_3D ( 'NONE', #1198, #162, #1106 ) ;
#712 = ORIENTED_EDGE ( 'NONE', *, *, #470, .F. ) ;
#713 = VECTOR ( 'NONE', #844, 1000.000000000000000 ) ;
#714 = CARTESIAN_POINT ( 'NONE',  ( 200.0000000000000000, 80.00000000000000000, 0.000000000000000000 ) ) ;
#715 = ORIENTED_EDGE ( 'NONE', *, *, #602, .F. ) ;
#716 = ADVANCED_FACE ( 'NONE', ( #475, #460 ), #372, .T. ) ;
#717 = CARTESIAN_POINT ( 'NONE',  ( 0.000000000000000000, 0.000000000000000000, 0.000000000000000000 ) ) ;
#718 = CIRCLE ( 'NONE', #63, 1.250000000000001110 ) ;
#719 = VERTEX_POINT ( 'NONE', #1381 ) ;
#720 = DIRECTION ( 'NONE',  ( 0.000000000000000000, 0.000000000000000000, 1.000000000000000000 ) ) ;
#721 = DIRECTION ( 'NONE',  ( 0.000000000000000000, 0.000000000000000000, 1.000000000000000000 ) ) ;
#722 = EDGE_LOOP ( 'NONE', ( #1366, #35, #1353, #311 ) ) ;
#723 = EDGE_CURVE ( 'NONE', #1018, #816, #920, .T. ) ;
#724 = DIRECTION ( 'NONE',  ( 0.000000000000000000, 0.000000000000000000, 1.000000000000000000 ) ) ;
#725 = DIRECTION ( 'NONE',  ( 0.000000000000000000, 0.000000000000000000, 1.000000000000000000 ) ) ;
#726 = CARTESIAN_POINT ( 'NONE',  ( 10.00000000000000000, 50.00000000000000000, 0.000000000000000000 ) ) ;
#727 = ORIENTED_EDGE ( 'NONE', *, *, #1099, .F. ) ;
#728 = EDGE_CURVE ( 'NONE', #421, #431, #1175, .T. ) ;
#729 = CYLINDRICAL_SURFACE ( 'NONE', #264, 10.00000000000000888 ) ;
#730 = DIRECTION ( 'NONE',  ( -1.000000000000000000, 0.000000000000000000, 0.000000000000000000 ) ) ;
#731 = VECTOR ( 'NONE', #1046, 1000.000000000000000 ) ;
#732 = DIRECTION ( 'NONE',  ( -0.000000000000000000, -1.000000000000000000, -0.000000000000000000 ) ) ;
#733 = VERTEX_POINT ( 'NONE', #707 ) ;
#734 = AXIS2_PLACEMENT_3D ( 'NONE', #650, #320, #1105 ) ;
#735 = DIRECTION ( 'NONE',  ( 0.000000000000000000, 0.000000000000000000, 1.000000000000000000 ) ) ;
#736 = AXIS2_PLACEMENT_3D ( 'NONE', #1259, #770, #1231 ) ;
#737 = DIRECTION ( 'NONE',  ( 1.000000000000000000, 0.000000000000000000, 0.000000000000000000 ) ) ;
#738 = EDGE_CURVE ( 'NONE', #1221, #1025, #1275, .T. ) ;
#739 = VECTOR ( 'NONE', #596, 1000.000000000000000 ) ;
#740 = PLANE ( 'NONE',  #1319 ) ;
#741 = LINE ( 'NONE', #962, #322 ) ;
#742 = ORIENTED_EDGE ( 'NONE', *, *, #346, .T. ) ;
#743 = DIRECTION ( 'NONE',  ( 1.000000000000000000, 0.000000000000000000, 0.000000000000000000 ) ) ;
#744 = DIRECTION ( 'NONE',  ( 0.000000000000000000, 0.000000000000000000, 1.000000000000000000 ) ) ;
#745 = FACE_OUTER_BOUND ( 'NONE', #454, .T. ) ;
#746 = PRODUCT_RELATED_PRODUCT_CATEGORY ( 'part', '', ( #751 ) ) ;
#747 = LINE ( 'NONE', #1302, #992 ) ;
#748 = VERTEX_POINT ( 'NONE', #126 ) ;
#749 = CARTESIAN_POINT ( 'NONE',  ( 10.00000000000000000, 50.00000000000000000, -10.00000000000000000 ) ) ;
#750 = DIRECTION ( 'NONE',  ( -1.387778780781445676E-16, 1.000000000000000000, 0.000000000000000000 ) ) ;
#751 = PRODUCT ( 'Base_base', 'Base_base', '', ( #455 ) ) ;
#752 = PLANE ( 'NONE',  #356 ) ;
#753 = EDGE_LOOP ( 'NONE', ( #239, #1330 ) ) ;
#754 = LINE ( 'NONE', #1193, #971 ) ;
#755 = CIRCLE ( 'NONE', #275, 10.00000000000000178 ) ;
#756 = AXIS2_PLACEMENT_3D ( 'NONE', #305, #772, #1363 ) ;
#757 =( NAMED_UNIT ( * ) PLANE_ANGLE_UNIT ( ) SI_UNIT ( $, .RADIAN. ) );
#758 = CARTESIAN_POINT ( 'NONE',  ( 130.0000000000000000, 60.00000000000000711, -10.00000000000000000 ) ) ;
#759 = EDGE_LOOP ( 'NONE', ( #205, #708, #515, #1378 ) ) ;
#760 = CARTESIAN_POINT ( 'NONE',  ( 140.0000000000000000, 60.00000000000000711, -10.00000000000000000 ) ) ;
#761 = ORIENTED_EDGE ( 'NONE', *, *, #289, .T. ) ;
#762 = ORIENTED_EDGE ( 'NONE', *, *, #938, .F. ) ;
#763 = VECTOR ( 'NONE', #750, 1000.000000000000000 ) ;
#764 = EDGE_CURVE ( 'NONE', #733, #345, #1372, .T. ) ;
#765 = CARTESIAN_POINT ( 'NONE',  ( 130.0000000000000000, 60.00000000000000711, 0.000000000000000000 ) ) ;
#766 = PRODUCT_DEFINITION_SHAPE ( 'NONE', 'NONE',  #853 ) ;
#767 = CARTESIAN_POINT ( 'NONE',  ( 34.50000000000031974, 15.49999999999978506, -10.00000000000000000 ) ) ;
#768 = CYLINDRICAL_SURFACE ( 'NONE', #999, 10.00000000000000355 ) ;
#769 = EDGE_LOOP ( 'NONE', ( #1415, #146 ) ) ;
#770 = DIRECTION ( 'NONE',  ( 0.000000000000000000, 0.000000000000000000, 1.000000000000000000 ) ) ;
#771 = ORIENTED_EDGE ( 'NONE', *, *, #572, .F. ) ;
#772 = DIRECTION ( 'NONE',  ( 0.000000000000000000, 1.000000000000000000, 0.000000000000000000 ) ) ;
#773 = EDGE_CURVE ( 'NONE', #246, #249, #1029, .T. ) ;
#774 = LINE ( 'NONE', #797, #907 ) ;
#775 = EDGE_LOOP ( 'NONE', ( #1047, #1225, #800, #837 ) ) ;
#776 = SURFACE_STYLE_USAGE ( .BOTH. , #1376 ) ;
#777 = ORIENTED_EDGE ( 'NONE', *, *, #593, .F. ) ;
#778 = ORIENTED_EDGE ( 'NONE', *, *, #922, .F. ) ;
#779 = CIRCLE ( 'NONE', #375, 4.499999999999997335 ) ;
#780 = DIRECTION ( 'NONE',  ( 0.000000000000000000, 0.000000000000000000, 1.000000000000000000 ) ) ;
#781 = AXIS2_PLACEMENT_3D ( 'NONE', #359, #725, #1182 ) ;
#782 = DIRECTION ( 'NONE',  ( 1.000000000000000000, 0.000000000000000000, 0.000000000000000000 ) ) ;
#783 = CARTESIAN_POINT ( 'NONE',  ( -3.469446951953614189E-14, 200.0000000000000000, 0.000000000000000000 ) ) ;
#784 = EDGE_CURVE ( 'NONE', #436, #1170, #1060, .T. ) ;
#785 = ORIENTED_EDGE ( 'NONE', *, *, #602, .T. ) ;
#786 = DIRECTION ( 'NONE',  ( 0.000000000000000000, 0.000000000000000000, 1.000000000000000000 ) ) ;
#787 = VERTEX_POINT ( 'NONE', #1040 ) ;
#788 = EDGE_LOOP ( 'NONE', ( #712, #1021, #139, #1289 ) ) ;
#789 = VECTOR ( 'NONE', #639, 1000.000000000000000 ) ;
#790 = CARTESIAN_POINT ( 'NONE',  ( 35.75000000000000711, 46.49999999999978684, 0.000000000000000000 ) ) ;
#791 = CIRCLE ( 'NONE', #334, 1.250000000000001110 ) ;
#792 = LINE ( 'NONE', #324, #143 ) ;
#793 = ORIENTED_EDGE ( 'NONE', *, *, #1451, .T. ) ;
#794 = EDGE_CURVE ( 'NONE', #246, #294, #11, .T. ) ;
#795 = CARTESIAN_POINT ( 'NONE',  ( 66.74999999999995737, 46.50000000000011369, -10.00000000000000000 ) ) ;
#796 = VERTEX_POINT ( 'NONE', #1412 ) ;
#797 = CARTESIAN_POINT ( 'NONE',  ( -1.734723475976807094E-15, 40.00000000000000000, -10.00000000000000000 ) ) ;
#798 = ORIENTED_EDGE ( 'NONE', *, *, #675, .T. ) ;
#799 = SURFACE_SIDE_STYLE ('',( #133 ) ) ;
#800 = ORIENTED_EDGE ( 'NONE', *, *, #232, .T. ) ;
#801 = EDGE_CURVE ( 'NONE', #943, #317, #1253, .T. ) ;
#802 = CIRCLE ( 'NONE', #156, 4.499999999999997335 ) ;
#803 = CARTESIAN_POINT ( 'NONE',  ( 200.0000000000000000, 0.000000000000000000, -10.00000000000000000 ) ) ;
#804 = COLOUR_RGB ( '',0.7921568627450980005, 0.8196078431372548767, 0.9333333333333333481 ) ;
#805 = ORIENTED_EDGE ( 'NONE', *, *, #57, .T. ) ;
#806 = CARTESIAN_POINT ( 'NONE',  ( 200.0000000000000000, 0.000000000000000000, 0.000000000000000000 ) ) ;
#807 = FILL_AREA_STYLE ('',( #915 ) ) ;
#808 = VERTEX_POINT ( 'NONE', #1390 ) ;
#809 = CIRCLE ( 'NONE', #165, 30.00000000000000000 ) ;
#810 = ADVANCED_FACE ( 'NONE', ( #132 ), #591, .F. ) ;
#811 = CONTEXT_DEPENDENT_SHAPE_REPRESENTATION ( #699, #1474 ) ;
#812 = DIRECTION ( 'NONE',  ( 0.000000000000000000, 0.000000000000000000, 1.000000000000000000 ) ) ;
#813 = EDGE_LOOP ( 'NONE', ( #798, #888, #1111, #1230, #1059, #742, #1419, #1069 ) ) ;
#814 = CIRCLE ( 'NONE', #884, 10.00000000000000888 ) ;
#815 = CARTESIAN_POINT ( 'NONE',  ( 79.99999999999995737, 200.0000000000000000, 10.00000000000000000 ) ) ;
#816 = VERTEX_POINT ( 'NONE', #714 ) ;
#817 = APPLICATION_CONTEXT ( 'automotive_design' ) ;
#818 = DIRECTION ( 'NONE',  ( 1.000000000000000000, 0.000000000000000000, 0.000000000000000000 ) ) ;
#819 = ORIENTED_EDGE ( 'NONE', *, *, #214, .F. ) ;
#820 = EDGE_CURVE ( 'NONE', #75, #698, #1169, .T. ) ;
#821 = DIRECTION ( 'NONE',  ( 1.000000000000000000, 0.000000000000000000, 0.000000000000000000 ) ) ;
#822 = FACE_OUTER_BOUND ( 'NONE', #575, .T. ) ;
#823 = VERTEX_POINT ( 'NONE', #1190 ) ;
#824 = CARTESIAN_POINT ( 'NONE',  ( -37.19119923723501842, -104.0727611060021758, 1000.000000000007731 ) ) ;
#825 = DIRECTION ( 'NONE',  ( 0.000000000000000000, 0.000000000000000000, 1.000000000000000000 ) ) ;
#826 = AXIS2_PLACEMENT_3D ( 'NONE', #373, #1266, #1377 ) ;
#827 = ORIENTED_EDGE ( 'NONE', *, *, #764, .F. ) ;
#828 = DIRECTION ( 'NONE',  ( 0.000000000000000000, 1.000000000000000000, 0.000000000000000000 ) ) ;
#829 = EDGE_CURVE ( 'NONE', #796, #719, #1322, .T. ) ;
#830 = CARTESIAN_POINT ( 'NONE',  ( 140.0000000000000000, 80.00000000000000000, -10.00000000000000000 ) ) ;
#831 = ORIENTED_EDGE ( 'NONE', *, *, #829, .F. ) ;
#832 = CARTESIAN_POINT ( 'NONE',  ( 0.000000000000000000, 0.000000000000000000, 0.000000000000000000 ) ) ;
#833 = CIRCLE ( 'NONE', #447, 1.249999999999890088 ) ;
#834 = EDGE_LOOP ( 'NONE', ( #657, #1032, #566, #1121 ) ) ;
#835 = DIRECTION ( 'NONE',  ( 0.000000000000000000, 0.000000000000000000, 1.000000000000000000 ) ) ;
#836 = CARTESIAN_POINT ( 'NONE',  ( 79.99999999999995737, 200.0000000000000000, 10.00000000000000000 ) ) ;
#837 = ORIENTED_EDGE ( 'NONE', *, *, #1159, .F. ) ;
#838 = ADVANCED_FACE ( 'NONE', ( #1067 ), #391, .F. ) ;
#839 = EDGE_CURVE ( 'NONE', #75, #823, #814, .T. ) ;
#840 = DIRECTION ( 'NONE',  ( 0.000000000000000000, 0.000000000000000000, 1.000000000000000000 ) ) ;
#841 = DIRECTION ( 'NONE',  ( 0.000000000000000000, 0.000000000000000000, 1.000000000000000000 ) ) ;
#842 = CARTESIAN_POINT ( 'NONE',  ( 0.000000000000000000, 0.000000000000000000, -10.00000000000000000 ) ) ;
#843 = ORIENTED_EDGE ( 'NONE', *, *, #1355, .F. ) ;
#844 = DIRECTION ( 'NONE',  ( -0.000000000000000000, -1.000000000000000000, -0.000000000000000000 ) ) ;
#845 = ADVANCED_FACE ( 'NONE', ( #279 ), #855, .T. ) ;
#846 = DIRECTION ( 'NONE',  ( 0.000000000000000000, 0.000000000000000000, 1.000000000000000000 ) ) ;
#847 = DIRECTION ( 'NONE',  ( -1.000000000000000000, 0.000000000000000000, -0.000000000000000000 ) ) ;
#848 =( GEOMETRIC_REPRESENTATION_CONTEXT ( 3 ) GLOBAL_UNCERTAINTY_ASSIGNED_CONTEXT ( ( #689 ) ) GLOBAL_UNIT_ASSIGNED_CONTEXT ( ( #352, #12, #930 ) ) REPRESENTATION_CONTEXT ( 'NONE', 'WORKASPACE' ) );
#849 = CARTESIAN_POINT ( 'NONE',  ( -3.469446951953614189E-14, 200.0000000000000000, 0.000000000000000000 ) ) ;
#850 = EDGE_LOOP ( 'NONE', ( #548, #1317, #1095, #662 ) ) ;
#851 = DIRECTION ( 'NONE',  ( 1.000000000000000000, 0.000000000000000000, 0.000000000000000000 ) ) ;
#852 = AXIS2_PLACEMENT_3D ( 'NONE', #760, #1222, #623 ) ;
#853 = PRODUCT_DEFINITION ( 'UNKNOWN', '', #1371, #597 ) ;
#854 = DIRECTION ( 'NONE',  ( 1.000000000000000000, 1.734723475976807094E-16, -0.000000000000000000 ) ) ;
#855 = PLANE ( 'NONE',  #361 ) ;
#856 = CARTESIAN_POINT ( 'NONE',  ( 54.50000000000000000, 31.00000000000000000, -10.00000000000000000 ) ) ;
#857 = ORIENTED_EDGE ( 'NONE', *, *, #562, .F. ) ;
#858 =( GEOMETRIC_REPRESENTATION_CONTEXT ( 3 ) GLOBAL_UNCERTAINTY_ASSIGNED_CONTEXT ( ( #371 ) ) GLOBAL_UNIT_ASSIGNED_CONTEXT ( ( #434, #1245, #1114 ) ) REPRESENTATION_CONTEXT ( 'NONE', 'WORKASPACE' ) );
#859 = PLANE ( 'NONE',  #206 ) ;
#860 = CARTESIAN_POINT ( 'NONE',  ( 170.0000000000000000, 80.00000000000000000, -10.00000000000000000 ) ) ;
#861 = FACE_BOUND ( 'NONE', #769, .T. ) ;
#862 = EDGE_CURVE ( 'NONE', #485, #541, #1417, .T. ) ;
#863 = ORIENTED_EDGE ( 'NONE', *, *, #1074, .T. ) ;
#864 = FACE_OUTER_BOUND ( 'NONE', #1380, .T. ) ;
#865 = DIRECTION ( 'NONE',  ( 0.000000000000000000, 0.000000000000000000, 1.000000000000000000 ) ) ;
#866 = ADVANCED_BREP_SHAPE_REPRESENTATION ( '', ( #116, #1026 ), #858 ) ;
#867 = FACE_OUTER_BOUND ( 'NONE', #1192, .T. ) ;
#868 = ORIENTED_EDGE ( 'NONE', *, *, #1039, .T. ) ;
#869 = EDGE_CURVE ( 'NONE', #1205, #1184, #1220, .T. ) ;
#870 = DIRECTION ( 'NONE',  ( -0.000000000000000000, 0.000000000000000000, -1.000000000000000000 ) ) ;
#871 = CARTESIAN_POINT ( 'NONE',  ( -3.469446951953614189E-14, 200.0000000000000000, 10.00000000000000000 ) ) ;
#872 = STYLED_ITEM ( 'NONE', ( #681 ), #112 ) ;
#873 = AXIS2_PLACEMENT_3D ( 'NONE', #331, #535, #874 ) ;
#874 = DIRECTION ( 'NONE',  ( 0.000000000000000000, 0.000000000000000000, -1.000000000000000000 ) ) ;
#875 = SHAPE_REPRESENTATION_RELATIONSHIP ( 'NONE' , 'NONE' ,  #1215, #866 ) ;
#876 = DIRECTION ( 'NONE',  ( 1.000000000000000000, 0.000000000000000000, 0.000000000000000000 ) ) ;
#877 = EDGE_LOOP ( 'NONE', ( #589, #891, #958, #1082 ) ) ;
#878 = DIRECTION ( 'NONE',  ( 0.000000000000000000, 1.000000000000000000, 0.000000000000000000 ) ) ;
#879 = EDGE_LOOP ( 'NONE', ( #607, #934, #1109, #1268 ) ) ;
#880 = ORIENTED_EDGE ( 'NONE', *, *, #114, .F. ) ;
#881 = AXIS2_PLACEMENT_3D ( 'NONE', #168, #1092, #292 ) ;
#882 = ADVANCED_FACE ( 'NONE', ( #745 ), #1430, .F. ) ;
#883 = CARTESIAN_POINT ( 'NONE',  ( 10.00000000000000000, 50.00000000000000000, 0.000000000000000000 ) ) ;
#884 = AXIS2_PLACEMENT_3D ( 'NONE', #758, #610, #967 ) ;
#885 = CARTESIAN_POINT ( 'NONE',  ( 0.000000000000000000, 0.000000000000000000, 0.000000000000000000 ) ) ;
#886 = DIRECTION ( 'NONE',  ( 0.000000000000000000, 0.000000000000000000, 1.000000000000000000 ) ) ;
#887 = CARTESIAN_POINT ( 'NONE',  ( 0.000000000000000000, 0.000000000000000000, -10.00000000000000000 ) ) ;
#888 = ORIENTED_EDGE ( 'NONE', *, *, #1100, .T. ) ;
#889 = FACE_OUTER_BOUND ( 'NONE', #989, .T. ) ;
#890 = DIRECTION ( 'NONE',  ( 0.000000000000000000, 0.000000000000000000, 1.000000000000000000 ) ) ;
#891 = ORIENTED_EDGE ( 'NONE', *, *, #263, .T. ) ;
#892 = PLANE ( 'NONE',  #276 ) ;
#893 = EDGE_CURVE ( 'NONE', #242, #1221, #624, .T. ) ;
#894 = DIRECTION ( 'NONE',  ( 0.000000000000000000, 0.000000000000000000, 1.000000000000000000 ) ) ;
#895 = LINE ( 'NONE', #661, #571 ) ;
#896 = ORIENTED_EDGE ( 'NONE', *, *, #103, .T. ) ;
#897 = CARTESIAN_POINT ( 'NONE',  ( 10.00000000000000000, 50.00000000000000000, -10.00000000000000000 ) ) ;
#898 = ORIENTED_EDGE ( 'NONE', *, *, #764, .T. ) ;
#899 = VECTOR ( 'NONE', #171, 1000.000000000000000 ) ;
#900 = DIRECTION ( 'NONE',  ( 0.000000000000000000, 0.000000000000000000, 1.000000000000000000 ) ) ;
#901 = MECHANICAL_DESIGN_GEOMETRIC_PRESENTATION_REPRESENTATION (  '', ( #993 ), #1409 ) ;
#902 = EDGE_CURVE ( 'NONE', #10, #1142, #271, .T. ) ;
#903 = CARTESIAN_POINT ( 'NONE',  ( 0.000000000000000000, 0.000000000000000000, 0.000000000000000000 ) ) ;
#904 = VERTEX_POINT ( 'NONE', #293 ) ;
#905 = VERTEX_POINT ( 'NONE', #976 ) ;
#906 = ORIENTED_EDGE ( 'NONE', *, *, #562, .T. ) ;
#907 = VECTOR ( 'NONE', #1341, 1000.000000000000000 ) ;
#908 = AXIS2_PLACEMENT_3D ( 'NONE', #1209, #840, #498 ) ;
#909 = DIRECTION ( 'NONE',  ( 0.000000000000000000, 0.000000000000000000, 1.000000000000000000 ) ) ;
#910 = AXIS2_PLACEMENT_3D ( 'NONE', #1158, #720, #582 ) ;
#911 = LINE ( 'NONE', #944, #1093 ) ;
#912 = ORIENTED_EDGE ( 'NONE', *, *, #820, .T. ) ;
#913 = PRODUCT_DEFINITION_CONTEXT ( 'detailed design', #817, 'design' ) ;
#914 = CARTESIAN_POINT ( 'NONE',  ( 66.75000000000029843, 15.50000000000010658, -10.00000000000000000 ) ) ;
#915 = FILL_AREA_STYLE_COLOUR ( '', #1384 ) ;
#916 = ORIENTED_EDGE ( 'NONE', *, *, #705, .T. ) ;
#917 = APPLICATION_PROTOCOL_DEFINITION ( 'draft international standard', 'automotive_design', 1998, #1027 ) ;
#918 = DIRECTION ( 'NONE',  ( 1.734723475976807094E-16, -1.000000000000000000, -0.000000000000000000 ) ) ;
#919 = ORIENTED_EDGE ( 'NONE', *, *, #338, .F. ) ;
#920 = LINE ( 'NONE', #806, #1138 ) ;
#921 = ORIENTED_EDGE ( 'NONE', *, *, #1482, .T. ) ;
#922 = EDGE_CURVE ( 'NONE', #904, #193, #1306, .T. ) ;
#923 = CIRCLE ( 'NONE', #968, 10.00000000000000888 ) ;
#924 = DIRECTION ( 'NONE',  ( 1.000000000000000000, 0.000000000000000000, 0.000000000000000000 ) ) ;
#925 = VECTOR ( 'NONE', #1295, 1000.000000000000000 ) ;
#926 = FACE_OUTER_BOUND ( 'NONE', #1337, .T. ) ;
#927 = CIRCLE ( 'NONE', #1089, 1.250000000000001110 ) ;
#928 = ORIENTED_EDGE ( 'NONE', *, *, #902, .F. ) ;
#929 = DIRECTION ( 'NONE',  ( 1.000000000000000000, 0.000000000000000000, 0.000000000000000000 ) ) ;
#930 =( NAMED_UNIT ( * ) SI_UNIT ( $, .STERADIAN. ) SOLID_ANGLE_UNIT ( ) );
#931 = ORIENTED_EDGE ( 'NONE', *, *, #39, .F. ) ;
#932 = DIRECTION ( 'NONE',  ( 0.000000000000000000, 0.000000000000000000, 1.000000000000000000 ) ) ;
#933 = FACE_BOUND ( 'NONE', #947, .T. ) ;
#934 = ORIENTED_EDGE ( 'NONE', *, *, #1074, .F. ) ;
#935 = DIRECTION ( 'NONE',  ( 0.000000000000000000, 0.000000000000000000, 1.000000000000000000 ) ) ;
#936 = EDGE_LOOP ( 'NONE', ( #443, #1361, #220, #49 ) ) ;
#937 = PRODUCT_CONTEXT ( 'NONE', #1022, 'mechanical' ) ;
#938 = EDGE_CURVE ( 'NONE', #702, #303, #175, .T. ) ;
#939 = CARTESIAN_POINT ( 'NONE',  ( 39.00000000000000711, 31.00000000000000000, -2.000000000000000000 ) ) ;
#940 = ORIENTED_EDGE ( 'NONE', *, *, #617, .F. ) ;
#941 = DIRECTION ( 'NONE',  ( 1.000000000000000000, 0.000000000000000000, 0.000000000000000000 ) ) ;
#942 = CARTESIAN_POINT ( 'NONE',  ( 10.00000000000000000, 50.00000000000000000, -10.00000000000000000 ) ) ;
#943 = VERTEX_POINT ( 'NONE', #961 ) ;
#944 = CARTESIAN_POINT ( 'NONE',  ( 0.000000000000000000, 0.000000000000000000, 10.00000000000000000 ) ) ;
#945 = CIRCLE ( 'NONE', #1087, 10.00000000000000178 ) ;
#946 = ADVANCED_FACE ( 'NONE', ( #1094 ), #752, .T. ) ;
#947 = EDGE_LOOP ( 'NONE', ( #963, #357 ) ) ;
#948 = PRESENTATION_LAYER_ASSIGNMENT (  '', '', ( #993 ) ) ;
#949 = DIRECTION ( 'NONE',  ( 0.000000000000000000, 0.000000000000000000, 1.000000000000000000 ) ) ;
#950 = FACE_OUTER_BOUND ( 'NONE', #1012, .T. ) ;
#951 = ORIENTED_EDGE ( 'NONE', *, *, #144, .F. ) ;
#952 = AXIS2_PLACEMENT_3D ( 'NONE', #1327, #854, #278 ) ;
#953 = CARTESIAN_POINT ( 'NONE',  ( 0.000000000000000000, 0.000000000000000000, -10.00000000000000000 ) ) ;
#954 = VECTOR ( 'NONE', #377, 1000.000000000000000 ) ;
#955 =( GEOMETRIC_REPRESENTATION_CONTEXT ( 3 ) GLOBAL_UNCERTAINTY_ASSIGNED_CONTEXT ( ( #1168 ) ) GLOBAL_UNIT_ASSIGNED_CONTEXT ( ( #554, #757, #306 ) ) REPRESENTATION_CONTEXT ( 'NONE', 'WORKASPACE' ) );
#956 = CARTESIAN_POINT ( 'NONE',  ( 140.0000000000000000, 60.00000000000000711, -10.00000000000000000 ) ) ;
#957 = CARTESIAN_POINT ( 'NONE',  ( 45.50000000000000711, 31.00000000000000000, -10.00000000000000000 ) ) ;
#958 = ORIENTED_EDGE ( 'NONE', *, *, #124, .F. ) ;
#959 = ADVANCED_FACE ( 'NONE', ( #1315, #861 ), #740, .T. ) ;
#960 = DIRECTION ( 'NONE',  ( 0.000000000000000000, 0.000000000000000000, 1.000000000000000000 ) ) ;
#961 = CARTESIAN_POINT ( 'NONE',  ( 181.0000000000000284, 80.00000000000000000, 0.000000000000000000 ) ) ;
#962 = CARTESIAN_POINT ( 'NONE',  ( 0.000000000000000000, 0.000000000000000000, -10.00000000000000000 ) ) ;
#963 = ORIENTED_EDGE ( 'NONE', *, *, #71, .F. ) ;
#964 = DIRECTION ( 'NONE',  ( 0.000000000000000000, 0.000000000000000000, 1.000000000000000000 ) ) ;
#965 = EDGE_CURVE ( 'NONE', #268, #7, #1367, .T. ) ;
#966 = CARTESIAN_POINT ( 'NONE',  ( 79.99999999999998579, 0.000000000000000000, 0.000000000000000000 ) ) ;
#967 = DIRECTION ( 'NONE',  ( 1.000000000000000000, 0.000000000000000000, 0.000000000000000000 ) ) ;
#968 = AXIS2_PLACEMENT_3D ( 'NONE', #101, #86, #559 ) ;
#969 = CARTESIAN_POINT ( 'NONE',  ( 200.0000000000000000, 80.00000000000000000, -10.00000000000000000 ) ) ;
#970 = ORIENTED_EDGE ( 'NONE', *, *, #583, .T. ) ;
#971 = VECTOR ( 'NONE', #647, 1000.000000000000000 ) ;
#972 = CARTESIAN_POINT ( 'NONE',  ( 50.00000000000000000, 31.00000000000000000, -10.00000000000000000 ) ) ;
#973 = EDGE_CURVE ( 'NONE', #42, #1237, #1210, .T. ) ;
#974 = DIRECTION ( 'NONE',  ( 0.000000000000000000, 1.000000000000000000, 0.000000000000000000 ) ) ;
#975 = AXIS2_PLACEMENT_3D ( 'NONE', #299, #1373, #540 ) ;
#976 = CARTESIAN_POINT ( 'NONE',  ( 39.00000000000000711, 31.00000000000000000, 0.000000000000000000 ) ) ;
#977 = VERTEX_POINT ( 'NONE', #67 ) ;
#978 = CARTESIAN_POINT ( 'NONE',  ( 64.25000000000004263, 46.50000000000011369, 0.000000000000000000 ) ) ;
#979 = DIRECTION ( 'NONE',  ( 0.000000000000000000, 0.000000000000000000, 1.000000000000000000 ) ) ;
#980 = ADVANCED_FACE ( 'NONE', ( #867 ), #522, .F. ) ;
#981 = DIRECTION ( 'NONE',  ( 0.000000000000000000, 0.000000000000000000, 1.000000000000000000 ) ) ;
#982 = ORIENTED_EDGE ( 'NONE', *, *, #14, .F. ) ;
#983 = DIRECTION ( 'NONE',  ( 1.000000000000000000, 0.000000000000000000, 0.000000000000000000 ) ) ;
#984 = CARTESIAN_POINT ( 'NONE',  ( 35.75000000000031974, 15.49999999999978506, -10.00000000000000000 ) ) ;
#985 = DIRECTION ( 'NONE',  ( 0.000000000000000000, 0.000000000000000000, 1.000000000000000000 ) ) ;
#986 = CARTESIAN_POINT ( 'NONE',  ( 0.000000000000000000, 0.000000000000000000, 10.00000000000000000 ) ) ;
#987 = DIRECTION ( 'NONE',  ( -1.000000000000000000, -0.000000000000000000, -0.000000000000000000 ) ) ;
#988 = ADVANCED_FACE ( 'NONE', ( #1107 ), #1356, .T. ) ;
#989 = EDGE_LOOP ( 'NONE', ( #857, #378, #328, #177 ) ) ;
#990 = CARTESIAN_POINT ( 'NONE',  ( 140.0000000000000000, 60.00000000000000711, -10.00000000000000000 ) ) ;
#991 = ORIENTED_EDGE ( 'NONE', *, *, #1171, .F. ) ;
#992 = VECTOR ( 'NONE', #78, 1000.000000000000000 ) ;
#993 = STYLED_ITEM ( 'NONE', ( #549 ), #601 ) ;
#994 = CARTESIAN_POINT ( 'NONE',  ( 65.50000000000041211, 15.50000000000010658, -10.00000000000000000 ) ) ;
#995 = SHAPE_REPRESENTATION_RELATIONSHIP ( 'NONE' , 'NONE' ,  #491, #526 ) ;
#996 = DIRECTION ( 'NONE',  ( -1.000000000000000000, -0.000000000000000000, -0.000000000000000000 ) ) ;
#997 = CARTESIAN_POINT ( 'NONE',  ( 170.0000000000000000, 80.00000000000000000, -10.00000000000000000 ) ) ;
#998 = ORIENTED_EDGE ( 'NONE', *, *, #64, .T. ) ;
#999 = AXIS2_PLACEMENT_3D ( 'NONE', #189, #653, #1115 ) ;
#1000 = CARTESIAN_POINT ( 'NONE',  ( -1.734723475976807094E-15, 40.00000000000000000, -10.00000000000000000 ) ) ;
#1001 = EDGE_LOOP ( 'NONE', ( #400, #61, #898, #868 ) ) ;
#1002 = ORIENTED_EDGE ( 'NONE', *, *, #1321, .T. ) ;
#1003 = AXIS2_PLACEMENT_3D ( 'NONE', #340, #932, #1173 ) ;
#1004 = EDGE_CURVE ( 'NONE', #226, #303, #1124, .T. ) ;
#1005 = AXIS2_PLACEMENT_3D ( 'NONE', #259, #237, #486 ) ;
#1006 = PLANE ( 'NONE',  #1313 ) ;
#1007 = AXIS2_PLACEMENT_3D ( 'NONE', #40, #1442, #1323 ) ;
#1008 = LINE ( 'NONE', #321, #1072 ) ;
#1009 = DIRECTION ( 'NONE',  ( 0.000000000000000000, 0.000000000000000000, 1.000000000000000000 ) ) ;
#1010 = EDGE_LOOP ( 'NONE', ( #1053, #73 ) ) ;
#1011 =( LENGTH_UNIT ( ) NAMED_UNIT ( * ) SI_UNIT ( .MILLI., .METRE. ) );
#1012 = EDGE_LOOP ( 'NONE', ( #634, #674, #94, #131 ) ) ;
#1013 = EDGE_LOOP ( 'NONE', ( #525, #55, #1276, #1036 ) ) ;
#1014 = ADVANCED_FACE ( 'NONE', ( #678 ), #341, .F. ) ;
#1015 = DIRECTION ( 'NONE',  ( 1.000000000000000000, 0.000000000000000000, 0.000000000000000000 ) ) ;
#1016 =( LENGTH_UNIT ( ) NAMED_UNIT ( * ) SI_UNIT ( .MILLI., .METRE. ) );
#1017 = CARTESIAN_POINT ( 'NONE',  ( 65.50000000000041211, 15.50000000000010658, -10.00000000000000000 ) ) ;
#1018 = VERTEX_POINT ( 'NONE', #1101 ) ;
#1019 = DIRECTION ( 'NONE',  ( -1.000000000000000000, 0.000000000000000000, -0.000000000000000000 ) ) ;
#1020 = LINE ( 'NONE', #1462, #685 ) ;
#1021 = ORIENTED_EDGE ( 'NONE', *, *, #1004, .F. ) ;
#1022 = APPLICATION_CONTEXT ( 'automotive_design' ) ;
#1023 = VECTOR ( 'NONE', #147, 1000.000000000000000 ) ;
#1024 = DIRECTION ( 'NONE',  ( 0.000000000000000000, 0.000000000000000000, 1.000000000000000000 ) ) ;
#1025 = VERTEX_POINT ( 'NONE', #1246 ) ;
#1026 = AXIS2_PLACEMENT_3D ( 'NONE', #1228, #894, #210 ) ;
#1027 = APPLICATION_CONTEXT ( 'automotive_design' ) ;
#1028 =( NAMED_UNIT ( * ) PLANE_ANGLE_UNIT ( ) SI_UNIT ( $, .RADIAN. ) );
#1029 = CIRCLE ( 'NONE', #910, 4.499999999999997335 ) ;
#1030 = DIRECTION ( 'NONE',  ( -1.000000000000000000, 0.000000000000000000, 0.000000000000000000 ) ) ;
#1031 = ADVANCED_FACE ( 'NONE', ( #98 ), #1467, .F. ) ;
#1032 = ORIENTED_EDGE ( 'NONE', *, *, #893, .F. ) ;
#1033 = PRODUCT_DEFINITION_CONTEXT ( 'detailed design', #330, 'design' ) ;
#1034 = CARTESIAN_POINT ( 'NONE',  ( 140.0000000000000000, 60.00000000000000711, 0.000000000000000000 ) ) ;
#1035 = SURFACE_STYLE_USAGE ( .BOTH. , #799 ) ;
#1036 = ORIENTED_EDGE ( 'NONE', *, *, #583, .F. ) ;
#1037 = FACE_BOUND ( 'NONE', #1010, .T. ) ;
#1038 = VERTEX_POINT ( 'NONE', #645 ) ;
#1039 = EDGE_CURVE ( 'NONE', #345, #342, #774, .T. ) ;
#1040 = CARTESIAN_POINT ( 'NONE',  ( 0.000000000000000000, 0.000000000000000000, 10.00000000000000000 ) ) ;
#1041 = ORIENTED_EDGE ( 'NONE', *, *, #1386, .T. ) ;
#1042 = CARTESIAN_POINT ( 'NONE',  ( 130.0000000000000000, 60.00000000000000711, -10.00000000000000000 ) ) ;
#1043 = CIRCLE ( 'NONE', #231, 30.00000000000000000 ) ;
#1044 = ORIENTED_EDGE ( 'NONE', *, *, #1338, .F. ) ;
#1045 = CARTESIAN_POINT ( 'NONE',  ( 65.50000000000000000, 46.50000000000011369, -10.00000000000000000 ) ) ;
#1046 = DIRECTION ( 'NONE',  ( -1.000000000000000000, -0.000000000000000000, -0.000000000000000000 ) ) ;
#1047 = ORIENTED_EDGE ( 'NONE', *, *, #323, .F. ) ;
#1048 = EDGE_CURVE ( 'NONE', #1237, #702, #308, .T. ) ;
#1049 = AXIS2_PLACEMENT_3D ( 'NONE', #1379, #1141, #1388 ) ;
#1050 = DIRECTION ( 'NONE',  ( -1.387778780781445676E-16, 1.000000000000000000, 0.000000000000000000 ) ) ;
#1051 = AXIS2_PLACEMENT_3D ( 'NONE', #362, #1155, #129 ) ;
#1052 = CARTESIAN_POINT ( 'NONE',  ( 34.50000000000031974, 15.49999999999978506, -10.00000000000000000 ) ) ;
#1053 = ORIENTED_EDGE ( 'NONE', *, *, #801, .F. ) ;
#1054 = CARTESIAN_POINT ( 'NONE',  ( 140.0000000000000000, 60.00000000000000711, -10.00000000000000000 ) ) ;
#1055 = DIRECTION ( 'NONE',  ( -0.000000000000000000, -0.000000000000000000, -1.000000000000000000 ) ) ;
#1056 = EDGE_LOOP ( 'NONE', ( #578, #480 ) ) ;
#1057 = EDGE_CURVE ( 'NONE', #185, #422, #895, .T. ) ;
#1058 = CARTESIAN_POINT ( 'NONE',  ( 0.000000000000000000, 0.000000000000000000, -10.00000000000000000 ) ) ;
#1059 = ORIENTED_EDGE ( 'NONE', *, *, #277, .T. ) ;
#1060 = LINE ( 'NONE', #250, #1196 ) ;
#1061 = CARTESIAN_POINT ( 'NONE',  ( 140.0000000000000000, 60.00000000000000711, 0.000000000000000000 ) ) ;
#1062 = ORIENTED_EDGE ( 'NONE', *, *, #784, .F. ) ;
#1063 = DIRECTION ( 'NONE',  ( 0.000000000000000000, 0.000000000000000000, 1.000000000000000000 ) ) ;
#1064 = ADVANCED_FACE ( 'NONE', ( #1131 ), #768, .T. ) ;
#1065 = SHAPE_REPRESENTATION ( 'primer eslabon_pared - copia', ( #1026 ), #166 ) ;
#1066 = AXIS2_PLACEMENT_3D ( 'NONE', #765, #416, #1015 ) ;
#1067 = FACE_OUTER_BOUND ( 'NONE', #13, .T. ) ;
#1068 = DIRECTION ( 'NONE',  ( 0.000000000000000000, 0.000000000000000000, 1.000000000000000000 ) ) ;
#1069 = ORIENTED_EDGE ( 'NONE', *, *, #1108, .T. ) ;
#1070 = AXIS2_PLACEMENT_3D ( 'NONE', #9, #234, #464 ) ;
#1071 = LINE ( 'NONE', #953, #622 ) ;
#1072 = VECTOR ( 'NONE', #677, 1000.000000000000000 ) ;
#1073 = CARTESIAN_POINT ( 'NONE',  ( 200.0000000000000000, 0.000000000000000000, 0.000000000000000000 ) ) ;
#1074 = EDGE_CURVE ( 'NONE', #1460, #816, #1459, .T. ) ;
#1075 = LINE ( 'NONE', #1061, #466 ) ;
#1076 = ORIENTED_EDGE ( 'NONE', *, *, #459, .T. ) ;
#1077 = VECTOR ( 'NONE', #1422, 1000.000000000000000 ) ;
#1078 = PLANE ( 'NONE',  #158 ) ;
#1079 = DIRECTION ( 'NONE',  ( 0.000000000000000000, -0.000000000000000000, 1.000000000000000000 ) ) ;
#1080 = DIRECTION ( 'NONE',  ( 0.000000000000000000, 1.000000000000000000, 0.000000000000000000 ) ) ;
#1081 = CARTESIAN_POINT ( 'NONE',  ( 35.75000000000000711, 46.49999999999978684, -10.00000000000000000 ) ) ;
#1082 = ORIENTED_EDGE ( 'NONE', *, *, #794, .F. ) ;
#1083 = CARTESIAN_POINT ( 'NONE',  ( 50.00000000000000000, 31.00000000000000000, 0.000000000000000000 ) ) ;
#1084 = EDGE_CURVE ( 'NONE', #281, #1125, #72, .T. ) ;
#1085 = DIRECTION ( 'NONE',  ( 1.000000000000000000, 0.000000000000000000, 0.000000000000000000 ) ) ;
#1086 = CARTESIAN_POINT ( 'NONE',  ( 130.0000000000000000, 50.00000000000000000, -10.00000000000000000 ) ) ;
#1087 = AXIS2_PLACEMENT_3D ( 'NONE', #54, #1068, #386 ) ;
#1088 = ORIENTED_EDGE ( 'NONE', *, *, #160, .T. ) ;
#1089 = AXIS2_PLACEMENT_3D ( 'NONE', #318, #1461, #664 ) ;
#1090 = DIRECTION ( 'NONE',  ( 1.000000000000000000, 0.000000000000000000, 0.000000000000000000 ) ) ;
#1091 = EDGE_CURVE ( 'NONE', #1184, #412, #427, .T. ) ;
#1092 = DIRECTION ( 'NONE',  ( -0.000000000000000000, -0.000000000000000000, 1.000000000000000000 ) ) ;
#1093 = VECTOR ( 'NONE', #918, 1000.000000000000000 ) ;
#1094 = FACE_OUTER_BOUND ( 'NONE', #759, .T. ) ;
#1095 = ORIENTED_EDGE ( 'NONE', *, *, #869, .T. ) ;
#1096 = AXIS2_PLACEMENT_3D ( 'NONE', #196, #865, #1255 ) ;
#1097 = DIRECTION ( 'NONE',  ( 0.000000000000000000, 0.000000000000000000, 1.000000000000000000 ) ) ;
#1098 = DIRECTION ( 'NONE',  ( 1.000000000000000000, 0.000000000000000000, 0.000000000000000000 ) ) ;
#1099 = EDGE_CURVE ( 'NONE', #412, #702, #555, .T. ) ;
#1100 = EDGE_CURVE ( 'NONE', #230, #1018, #792, .T. ) ;
#1101 = CARTESIAN_POINT ( 'NONE',  ( 200.0000000000000000, 0.000000000000000000, 0.000000000000000000 ) ) ;
#1102 = VERTEX_POINT ( 'NONE', #783 ) ;
#1103 = FACE_BOUND ( 'NONE', #1212, .T. ) ;
#1104 = CARTESIAN_POINT ( 'NONE',  ( 65.50000000000041211, 15.50000000000010658, 0.000000000000000000 ) ) ;
#1105 = DIRECTION ( 'NONE',  ( 1.000000000000000000, 0.000000000000000000, 0.000000000000000000 ) ) ;
#1106 = DIRECTION ( 'NONE',  ( 0.000000000000000000, -0.000000000000000000, 1.000000000000000000 ) ) ;
#1107 = FACE_OUTER_BOUND ( 'NONE', #788, .T. ) ;
#1108 = EDGE_CURVE ( 'NONE', #76, #342, #402, .T. ) ;
#1109 = ORIENTED_EDGE ( 'NONE', *, *, #1404, .T. ) ;
#1110 = ORIENTED_EDGE ( 'NONE', *, *, #414, .F. ) ;
#1111 = ORIENTED_EDGE ( 'NONE', *, *, #723, .T. ) ;
#1112 = AXIS2_PLACEMENT_3D ( 'NONE', #104, #900, #1454 ) ;
#1113 = CYLINDRICAL_SURFACE ( 'NONE', #1450, 1.250000000000001110 ) ;
#1114 =( NAMED_UNIT ( * ) SI_UNIT ( $, .STERADIAN. ) SOLID_ANGLE_UNIT ( ) );
#1115 = DIRECTION ( 'NONE',  ( 1.000000000000000000, 0.000000000000000000, 0.000000000000000000 ) ) ;
#1116 = ORIENTED_EDGE ( 'NONE', *, *, #801, .T. ) ;
#1117 = AXIS2_PLACEMENT_3D ( 'NONE', #997, #197, #1447 ) ;
#1118 = PRODUCT_DEFINITION ( 'UNKNOWN', '', #669, #458 ) ;
#1119 = CYLINDRICAL_SURFACE ( 'NONE', #1291, 11.00000000000001066 ) ;
#1120 = DIRECTION ( 'NONE',  ( 0.000000000000000000, 0.000000000000000000, 1.000000000000000000 ) ) ;
#1121 = ORIENTED_EDGE ( 'NONE', *, *, #441, .T. ) ;
#1122 = AXIS2_PLACEMENT_3D ( 'NONE', #885, #24, #1140 ) ;
#1123 = LINE ( 'NONE', #96, #536 ) ;
#1124 = LINE ( 'NONE', #1229, #43 ) ;
#1125 = VERTEX_POINT ( 'NONE', #564 ) ;
#1126 = CARTESIAN_POINT ( 'NONE',  ( 140.0000000000000000, 60.00000000000000711, -10.00000000000000000 ) ) ;
#1127 = EDGE_LOOP ( 'NONE', ( #819, #21, #407, #1443 ) ) ;
#1128 = EDGE_LOOP ( 'NONE', ( #595, #261, #1136, #1167 ) ) ;
#1129 = ADVANCED_FACE ( 'NONE', ( #91 ), #547, .F. ) ;
#1130 = LINE ( 'NONE', #883, #660 ) ;
#1131 = FACE_OUTER_BOUND ( 'NONE', #172, .T. ) ;
#1132 = VERTEX_POINT ( 'NONE', #448 ) ;
#1133 = UNCERTAINTY_MEASURE_WITH_UNIT (LENGTH_MEASURE( 1.000000000000000082E-05 ), #1011, 'distance_accuracy_value', 'NONE');
#1134 = DIRECTION ( 'NONE',  ( 0.000000000000000000, 0.000000000000000000, 1.000000000000000000 ) ) ;
#1135 = DIRECTION ( 'NONE',  ( 0.000000000000000000, -1.000000000000000000, 0.000000000000000000 ) ) ;
#1136 = ORIENTED_EDGE ( 'NONE', *, *, #1227, .T. ) ;
#1137 = STYLED_ITEM ( 'NONE', ( #1144 ), #116 ) ;
#1138 = VECTOR ( 'NONE', #828, 1000.000000000000000 ) ;
#1139 = EDGE_CURVE ( 'NONE', #1125, #787, #911, .T. ) ;
#1140 = DIRECTION ( 'NONE',  ( 1.000000000000000000, 0.000000000000000000, 0.000000000000000000 ) ) ;
#1141 = DIRECTION ( 'NONE',  ( -1.000000000000000000, -1.387778780781445676E-16, 0.000000000000000000 ) ) ;
#1142 = VERTEX_POINT ( 'NONE', #369 ) ;
#1143 = DIRECTION ( 'NONE',  ( 0.000000000000000000, 0.000000000000000000, 1.000000000000000000 ) ) ;
#1144 = PRESENTATION_STYLE_ASSIGNMENT (( #6 ) ) ;
#1145 = VERTEX_POINT ( 'NONE', #686 ) ;
#1146 = CIRCLE ( 'NONE', #66, 1.249999999999959588 ) ;
#1147 = VECTOR ( 'NONE', #513, 1000.000000000000000 ) ;
#1148 = ADVANCED_FACE ( 'NONE', ( #926 ), #17, .F. ) ;
#1149 = DIRECTION ( 'NONE',  ( 0.000000000000000000, 0.000000000000000000, 1.000000000000000000 ) ) ;
#1150 = ORIENTED_EDGE ( 'NONE', *, *, #478, .T. ) ;
#1151 = EDGE_CURVE ( 'NONE', #3, #258, #115, .T. ) ;
#1152 = DIRECTION ( 'NONE',  ( 0.000000000000000000, 0.000000000000000000, 1.000000000000000000 ) ) ;
#1153 = DIRECTION ( 'NONE',  ( 0.000000000000000000, -0.000000000000000000, -1.000000000000000000 ) ) ;
#1154 = ORIENTED_EDGE ( 'NONE', *, *, #204, .T. ) ;
#1155 = DIRECTION ( 'NONE',  ( 1.000000000000000000, 1.595945597898662527E-16, -1.804840635603742409E-16 ) ) ;
#1156 = CARTESIAN_POINT ( 'NONE',  ( 181.0000000000000284, 80.00000000000000000, -10.00000000000000000 ) ) ;
#1157 = ORIENTED_EDGE ( 'NONE', *, *, #902, .T. ) ;
#1158 = CARTESIAN_POINT ( 'NONE',  ( 50.00000000000000000, 31.00000000000000000, -10.00000000000000000 ) ) ;
#1159 = EDGE_CURVE ( 'NONE', #1232, #943, #145, .T. ) ;
#1160 = ADVANCED_BREP_SHAPE_REPRESENTATION ( '', ( #601, #1026 ), #166 ) ;
#1161 = DIRECTION ( 'NONE',  ( 0.000000000000000000, 0.000000000000000000, 1.000000000000000000 ) ) ;
#1162 = ORIENTED_EDGE ( 'NONE', *, *, #1099, .T. ) ;
#1163 = AXIS2_PLACEMENT_3D ( 'NONE', #48, #620, #399 ) ;
#1164 = PRODUCT_CONTEXT ( 'NONE', #97, 'mechanical' ) ;
#1165 = VECTOR ( 'NONE', #310, 1000.000000000000000 ) ;
#1166 = CARTESIAN_POINT ( 'NONE',  ( 34.50000000000031974, 15.49999999999978506, -10.00000000000000000 ) ) ;
#1167 = ORIENTED_EDGE ( 'NONE', *, *, #423, .T. ) ;
#1168 = UNCERTAINTY_MEASURE_WITH_UNIT (LENGTH_MEASURE( 1.000000000000000082E-05 ), #554, 'distance_accuracy_value', 'NONE');
#1169 = LINE ( 'NONE', #1054, #121 ) ;
#1170 = VERTEX_POINT ( 'NONE', #580 ) ;
#1171 = EDGE_CURVE ( 'NONE', #1145, #3, #718, .T. ) ;
#1172 = VECTOR ( 'NONE', #987, 1000.000000000000000 ) ;
#1173 = DIRECTION ( 'NONE',  ( 1.000000000000000000, 0.000000000000000000, 0.000000000000000000 ) ) ;
#1174 = CIRCLE ( 'NONE', #1096, 10.99999999999999645 ) ;
#1175 = CIRCLE ( 'NONE', #696, 1.249999999999959588 ) ;
#1176 = CYLINDRICAL_SURFACE ( 'NONE', #424, 10.00000000000000888 ) ;
#1177 = ORIENTED_EDGE ( 'NONE', *, *, #495, .F. ) ;
#1178 = CARTESIAN_POINT ( 'NONE',  ( 54.50000000000000000, 31.00000000000000000, -10.00000000000000000 ) ) ;
#1179 = CARTESIAN_POINT ( 'NONE',  ( 79.99999999999998579, 0.000000000000000000, 10.00000000000000000 ) ) ;
#1180 = ORIENTED_EDGE ( 'NONE', *, *, #432, .F. ) ;
#1181 = DIRECTION ( 'NONE',  ( 0.000000000000000000, 0.000000000000000000, 1.000000000000000000 ) ) ;
#1182 = DIRECTION ( 'NONE',  ( 1.000000000000000000, 0.000000000000000000, 0.000000000000000000 ) ) ;
#1183 = CARTESIAN_POINT ( 'NONE',  ( 64.25000000000004263, 46.50000000000011369, -10.00000000000000000 ) ) ;
#1184 = VERTEX_POINT ( 'NONE', #1058 ) ;
#1185 = CLOSED_SHELL ( 'NONE', ( #1346, #1014, #411, #1129, #810, #1262, #1278, #135, #251, #1064, #354, #1413, #530, #988, #1216, #304, #520, #1199, #980, #882, #449, #1217, #838, #959, #1235 ) ) ;
#1186 = EDGE_CURVE ( 'NONE', #87, #905, #1398, .T. ) ;
#1187 = CARTESIAN_POINT ( 'NONE',  ( 130.0000000000000000, 60.00000000000000711, -10.00000000000000000 ) ) ;
#1188 = CIRCLE ( 'NONE', #350, 1.250000000000001110 ) ;
#1189 = AXIS2_PLACEMENT_3D ( 'NONE', #437, #215, #1019 ) ;
#1190 = CARTESIAN_POINT ( 'NONE',  ( 130.0000000000000000, 50.00000000000000000, -10.00000000000000000 ) ) ;
#1191 = LINE ( 'NONE', #830, #925 ) ;
#1192 = EDGE_LOOP ( 'NONE', ( #1233, #843, #600, #1116 ) ) ;
#1193 = CARTESIAN_POINT ( 'NONE',  ( 0.000000000000000000, 0.000000000000000000, 10.00000000000000000 ) ) ;
#1194 = PLANE ( 'NONE',  #383 ) ;
#1195 = AXIS2_PLACEMENT_3D ( 'NONE', #224, #579, #1050 ) ;
#1196 = VECTOR ( 'NONE', #598, 1000.000000000000000 ) ;
#1197 = CARTESIAN_POINT ( 'NONE',  ( 50.00000000000000000, 31.00000000000000000, -2.000000000000000000 ) ) ;
#1198 = CARTESIAN_POINT ( 'NONE',  ( 0.000000000000000000, 0.000000000000000000, 10.00000000000000000 ) ) ;
#1199 = ADVANCED_FACE ( 'NONE', ( #1263, #933, #123, #574, #31, #1037, #355 ), #471, .F. ) ;
#1200 = ORIENTED_EDGE ( 'NONE', *, *, #441, .F. ) ;
#1201 = CARTESIAN_POINT ( 'NONE',  ( 61.00000000000000000, 31.00000000000000000, -2.000000000000000000 ) ) ;
#1202 = CARTESIAN_POINT ( 'NONE',  ( 170.0000000000000000, 80.00000000000000000, 0.000000000000000000 ) ) ;
#1203 = CARTESIAN_POINT ( 'NONE',  ( 34.50000000000000000, 46.49999999999978684, -10.00000000000000000 ) ) ;
#1204 = CARTESIAN_POINT ( 'NONE',  ( 159.0000000000000000, 80.00000000000000000, -10.00000000000000000 ) ) ;
#1205 = VERTEX_POINT ( 'NONE', #241 ) ;
#1206 = EDGE_CURVE ( 'NONE', #748, #1038, #833, .T. ) ;
#1207 = DIRECTION ( 'NONE',  ( 0.000000000000000000, 1.000000000000000000, 0.000000000000000000 ) ) ;
#1208 = PRODUCT_DEFINITION_SHAPE ( 'NONE', 'NONE',  #1486 ) ;
#1209 = CARTESIAN_POINT ( 'NONE',  ( 170.0000000000000000, 80.00000000000000000, -10.00000000000000000 ) ) ;
#1210 = LINE ( 'NONE', #182, #789 ) ;
#1211 = AXIS2_PLACEMENT_3D ( 'NONE', #245, #1135, #1153 ) ;
#1212 = EDGE_LOOP ( 'NONE', ( #300, #761 ) ) ;
#1213 = CIRCLE ( 'NONE', #490, 1.249999999999959588 ) ;
#1214 = FACE_BOUND ( 'NONE', #461, .T. ) ;
#1215 = SHAPE_REPRESENTATION ( 'Base_base', ( #1026 ), #858 ) ;
#1216 = ADVANCED_FACE ( 'NONE', ( #603 ), #1279, .T. ) ;
#1217 = ADVANCED_FACE ( 'NONE', ( #257 ), #225, .F. ) ;
#1218 = DIRECTION ( 'NONE',  ( 1.000000000000000000, 0.000000000000000000, 0.000000000000000000 ) ) ;
#1219 = VECTOR ( 'NONE', #1273, 1000.000000000000000 ) ;
#1220 = LINE ( 'NONE', #1328, #1077 ) ;
#1221 = VERTEX_POINT ( 'NONE', #456 ) ;
#1222 = DIRECTION ( 'NONE',  ( -1.000000000000000000, 0.000000000000000000, 0.000000000000000000 ) ) ;
#1223 = DIRECTION ( 'NONE',  ( -0.000000000000000000, -0.000000000000000000, -1.000000000000000000 ) ) ;
#1224 = PRODUCT_DEFINITION_SHAPE ( 'NONE', 'NONE',  #1396 ) ;
#1225 = ORIENTED_EDGE ( 'NONE', *, *, #1304, .T. ) ;
#1226 = FACE_BOUND ( 'NONE', #125, .T. ) ;
#1227 = EDGE_CURVE ( 'NONE', #508, #654, #484, .T. ) ;
#1228 = CARTESIAN_POINT ( 'NONE',  ( 0.000000000000000000, 0.000000000000000000, 0.000000000000000000 ) ) ;
#1229 = CARTESIAN_POINT ( 'NONE',  ( 200.0000000000000000, 80.00000000000000000, -10.00000000000000000 ) ) ;
#1230 = ORIENTED_EDGE ( 'NONE', *, *, #1310, .T. ) ;
#1231 = DIRECTION ( 'NONE',  ( 1.000000000000000000, 0.000000000000000000, 0.000000000000000000 ) ) ;
#1232 = VERTEX_POINT ( 'NONE', #138 ) ;
#1233 = ORIENTED_EDGE ( 'NONE', *, *, #1304, .F. ) ;
#1234 = CARTESIAN_POINT ( 'NONE',  ( 64.25000000000051159, 15.50000000000010658, -10.00000000000000000 ) ) ;
#1235 = ADVANCED_FACE ( 'NONE', ( #130 ), #1402, .F. ) ;
#1236 = DIRECTION ( 'NONE',  ( 0.000000000000000000, 0.000000000000000000, 1.000000000000000000 ) ) ;
#1237 = VERTEX_POINT ( 'NONE', #717 ) ;
#1238 =( GEOMETRIC_REPRESENTATION_CONTEXT ( 3 ) GLOBAL_UNCERTAINTY_ASSIGNED_CONTEXT ( ( #1368 ) ) GLOBAL_UNIT_ASSIGNED_CONTEXT ( ( #1391, #1382, #476 ) ) REPRESENTATION_CONTEXT ( 'NONE', 'WORKASPACE' ) );
#1239 = LINE ( 'NONE', #1000, #255 ) ;
#1240 = CARTESIAN_POINT ( 'NONE',  ( 10.00000000000000000, 40.00000000000000000, -10.00000000000000000 ) ) ;
#1241 = EDGE_LOOP ( 'NONE', ( #531, #353, #29, #1157 ) ) ;
#1242 = CIRCLE ( 'NONE', #736, 11.00000000000001066 ) ;
#1243 = VECTOR ( 'NONE', #1134, 1000.000000000000000 ) ;
#1244 = DIRECTION ( 'NONE',  ( 0.000000000000000000, -0.000000000000000000, -1.000000000000000000 ) ) ;
#1245 =( NAMED_UNIT ( * ) PLANE_ANGLE_UNIT ( ) SI_UNIT ( $, .RADIAN. ) );
#1246 = CARTESIAN_POINT ( 'NONE',  ( 33.25000000000000000, 46.49999999999978684, 0.000000000000000000 ) ) ;
#1247 = VERTEX_POINT ( 'NONE', #26 ) ;
#1248 = VECTOR ( 'NONE', #697, 1000.000000000000000 ) ;
#1249 =( NAMED_UNIT ( * ) SI_UNIT ( $, .STERADIAN. ) SOLID_ANGLE_UNIT ( ) );
#1250 = ADVANCED_FACE ( 'NONE', ( #587 ), #1176, .F. ) ;
#1251 = ORIENTED_EDGE ( 'NONE', *, *, #1482, .F. ) ;
#1252 = PRODUCT_DEFINITION_FORMATION_WITH_SPECIFIED_SOURCE ( 'ANY', '', #684, .NOT_KNOWN. ) ;
#1253 = CIRCLE ( 'NONE', #1395, 11.00000000000001066 ) ;
#1254 = DIRECTION ( 'NONE',  ( 1.000000000000000000, 0.000000000000000000, 0.000000000000000000 ) ) ;
#1255 = DIRECTION ( 'NONE',  ( 1.000000000000000000, 0.000000000000000000, 0.000000000000000000 ) ) ;
#1256 = DIRECTION ( 'NONE',  ( 1.000000000000000000, 0.000000000000000000, 0.000000000000000000 ) ) ;
#1257 = DIRECTION ( 'NONE',  ( -1.000000000000000000, 0.000000000000000000, 0.000000000000000000 ) ) ;
#1258 = ORIENTED_EDGE ( 'NONE', *, *, #1375, .T. ) ;
#1259 = CARTESIAN_POINT ( 'NONE',  ( 170.0000000000000000, 80.00000000000000000, 0.000000000000000000 ) ) ;
#1260 = DIRECTION ( 'NONE',  ( 1.000000000000000000, 0.000000000000000000, 0.000000000000000000 ) ) ;
#1261 = ORIENTED_EDGE ( 'NONE', *, *, #869, .F. ) ;
#1262 = ADVANCED_FACE ( 'NONE', ( #174 ), #521, .F. ) ;
#1263 = FACE_BOUND ( 'NONE', #428, .T. ) ;
#1264 = ORIENTED_EDGE ( 'NONE', *, *, #938, .T. ) ;
#1265 = LINE ( 'NONE', #100, #469 ) ;
#1266 = DIRECTION ( 'NONE',  ( 0.000000000000000000, 0.000000000000000000, 1.000000000000000000 ) ) ;
#1267 = PRODUCT ( 'primer eslabon_pared - copia', 'primer eslabon_pared - copia', '', ( #256 ) ) ;
#1268 = ORIENTED_EDGE ( 'NONE', *, *, #922, .T. ) ;
#1269 = CIRCLE ( 'NONE', #826, 30.00000000000000000 ) ;
#1270 = ADVANCED_FACE ( 'NONE', ( #1312 ), #397, .F. ) ;
#1271 = AXIS2_PLACEMENT_3D ( 'NONE', #1083, #74, #743 ) ;
#1272 =( LENGTH_UNIT ( ) NAMED_UNIT ( * ) SI_UNIT ( .MILLI., .METRE. ) );
#1273 = DIRECTION ( 'NONE',  ( -0.000000000000000000, -0.000000000000000000, 1.000000000000000000 ) ) ;
#1274 = ORIENTED_EDGE ( 'NONE', *, *, #675, .F. ) ;
#1275 = LINE ( 'NONE', #481, #45 ) ;
#1276 = ORIENTED_EDGE ( 'NONE', *, *, #695, .T. ) ;
#1277 = ITEM_DEFINED_TRANSFORMATION ( 'NONE', 'NONE', #1195,  #1026 ) ;
#1278 = ADVANCED_FACE ( 'NONE', ( #1320 ), #404, .F. ) ;
#1279 = PLANE ( 'NONE',  #643 ) ;
#1280 = ORIENTED_EDGE ( 'NONE', *, *, #243, .F. ) ;
#1281 = DIRECTION ( 'NONE',  ( -0.000000000000000000, -0.000000000000000000, -1.000000000000000000 ) ) ;
#1282 = CARTESIAN_POINT ( 'NONE',  ( 33.25000000000031974, 15.49999999999978506, -10.00000000000000000 ) ) ;
#1283 = ORIENTED_EDGE ( 'NONE', *, *, #1091, .T. ) ;
#1284 = SHAPE_DEFINITION_REPRESENTATION ( #1224, #1065 ) ;
#1285 = DIRECTION ( 'NONE',  ( 0.000000000000000000, 0.000000000000000000, 1.000000000000000000 ) ) ;
#1286 = PRODUCT_RELATED_PRODUCT_CATEGORY ( 'part', '', ( #684 ) ) ;
#1287 = ORIENTED_EDGE ( 'NONE', *, *, #5, .F. ) ;
#1288 = CARTESIAN_POINT ( 'NONE',  ( 10.00000000000000000, 40.00000000000000000, -10.00000000000000000 ) ) ;
#1289 = ORIENTED_EDGE ( 'NONE', *, *, #269, .T. ) ;
#1290 = VECTOR ( 'NONE', #1161, 1000.000000000000000 ) ;
#1291 = AXIS2_PLACEMENT_3D ( 'NONE', #1359, #93, #1469 ) ;
#1292 = CARTESIAN_POINT ( 'NONE',  ( 61.00000000000000000, 31.00000000000000000, -2.000000000000000000 ) ) ;
#1293 = EDGE_LOOP ( 'NONE', ( #1345, #1403, #612, #1479 ) ) ;
#1294 = DIRECTION ( 'NONE',  ( 0.000000000000000000, 0.000000000000000000, 1.000000000000000000 ) ) ;
#1295 = DIRECTION ( 'NONE',  ( 0.000000000000000000, 0.000000000000000000, 1.000000000000000000 ) ) ;
#1296 = ORIENTED_EDGE ( 'NONE', *, *, #829, .T. ) ;
#1297 = EDGE_CURVE ( 'NONE', #501, #1018, #65, .T. ) ;
#1298 = VECTOR ( 'NONE', #435, 1000.000000000000000 ) ;
#1299 =( GEOMETRIC_REPRESENTATION_CONTEXT ( 3 ) GLOBAL_UNCERTAINTY_ASSIGNED_CONTEXT ( ( #1483 ) ) GLOBAL_UNIT_ASSIGNED_CONTEXT ( ( #1272, #1028, #709 ) ) REPRESENTATION_CONTEXT ( 'NONE', 'WORKASPACE' ) );
#1300 = DIRECTION ( 'NONE',  ( 1.000000000000000000, 0.000000000000000000, 0.000000000000000000 ) ) ;
#1301 = DIRECTION ( 'NONE',  ( -0.000000000000000000, 0.000000000000000000, -1.000000000000000000 ) ) ;
#1302 = CARTESIAN_POINT ( 'NONE',  ( 45.50000000000000711, 31.00000000000000000, -10.00000000000000000 ) ) ;
#1303 = ORIENTED_EDGE ( 'NONE', *, *, #160, .F. ) ;
#1304 = EDGE_CURVE ( 'NONE', #201, #317, #625, .T. ) ;
#1305 = DIRECTION ( 'NONE',  ( 1.000000000000000000, 0.000000000000000000, 0.000000000000000000 ) ) ;
#1306 = LINE ( 'NONE', #632, #1434 ) ;
#1307 = DIRECTION ( 'NONE',  ( 0.000000000000000000, 0.000000000000000000, 1.000000000000000000 ) ) ;
#1308 = ORIENTED_EDGE ( 'NONE', *, *, #423, .F. ) ;
#1309 = LINE ( 'NONE', #62, #325 ) ;
#1310 = EDGE_CURVE ( 'NONE', #816, #193, #809, .T. ) ;
#1311 = EDGE_CURVE ( 'NONE', #1102, #309, #492, .T. ) ;
#1312 = FACE_OUTER_BOUND ( 'NONE', #110, .T. ) ;
#1313 = AXIS2_PLACEMENT_3D ( 'NONE', #439, #1347, #1244 ) ;
#1314 = CIRCLE ( 'NONE', #418, 1.249999999999890088 ) ;
#1315 = FACE_OUTER_BOUND ( 'NONE', #1399, .T. ) ;
#1316 = DIRECTION ( 'NONE',  ( 0.000000000000000000, 0.000000000000000000, 1.000000000000000000 ) ) ;
#1317 = ORIENTED_EDGE ( 'NONE', *, *, #629, .F. ) ;
#1318 = FACE_BOUND ( 'NONE', #1383, .T. ) ;
#1319 = AXIS2_PLACEMENT_3D ( 'NONE', #1197, #169, #626 ) ;
#1320 = FACE_OUTER_BOUND ( 'NONE', #877, .T. ) ;
#1321 = EDGE_CURVE ( 'NONE', #649, #183, #1146, .T. ) ;
#1322 = CIRCLE ( 'NONE', #426, 11.00000000000001066 ) ;
#1323 = DIRECTION ( 'NONE',  ( 1.000000000000000000, 0.000000000000000000, 0.000000000000000000 ) ) ;
#1324 = FACE_OUTER_BOUND ( 'NONE', #850, .T. ) ;
#1325 = EDGE_LOOP ( 'NONE', ( #1274, #393, #488, #921 ) ) ;
#1326 = CARTESIAN_POINT ( 'NONE',  ( 200.0000000000000000, 0.000000000000000000, -10.00000000000000000 ) ) ;
#1327 = CARTESIAN_POINT ( 'NONE',  ( 0.000000000000000000, 0.000000000000000000, 10.00000000000000000 ) ) ;
#1328 = CARTESIAN_POINT ( 'NONE',  ( 0.000000000000000000, 0.000000000000000000, -10.00000000000000000 ) ) ;
#1329 = PRODUCT_RELATED_PRODUCT_CATEGORY ( 'part', '', ( #1267 ) ) ;
#1330 = ORIENTED_EDGE ( 'NONE', *, *, #695, .F. ) ;
#1331 = CARTESIAN_POINT ( 'NONE',  ( 79.99999999999998579, 0.000000000000000000, 10.00000000000000000 ) ) ;
#1332 = CARTESIAN_POINT ( 'NONE',  ( 0.000000000000000000, 0.000000000000000000, 0.000000000000000000 ) ) ;
#1333 = AXIS2_PLACEMENT_3D ( 'NONE', #842, #380, #721 ) ;
#1334 = ORIENTED_EDGE ( 'NONE', *, *, #502, .F. ) ;
#1335 = FACE_OUTER_BOUND ( 'NONE', #223, .T. ) ;
#1336 = LINE ( 'NONE', #192, #613 ) ;
#1337 = EDGE_LOOP ( 'NONE', ( #1041, #1401, #1334, #1389 ) ) ;
#1338 = EDGE_CURVE ( 'NONE', #345, #1132, #1071, .T. ) ;
#1339 = FACE_OUTER_BOUND ( 'NONE', #198, .T. ) ;
#1340 = AXIS2_PLACEMENT_3D ( 'NONE', #1348, #1466, #782 ) ;
#1341 = DIRECTION ( 'NONE',  ( 0.000000000000000000, 0.000000000000000000, 1.000000000000000000 ) ) ;
#1342 = ORIENTED_EDGE ( 'NONE', *, *, #1321, .F. ) ;
#1343 = FACE_OUTER_BOUND ( 'NONE', #1293, .T. ) ;
#1344 = ORIENTED_EDGE ( 'NONE', *, *, #1206, .T. ) ;
#1345 = ORIENTED_EDGE ( 'NONE', *, *, #1139, .T. ) ;
#1346 = ADVANCED_FACE ( 'NONE', ( #265 ), #631, .F. ) ;
#1347 = DIRECTION ( 'NONE',  ( 0.000000000000000000, -1.000000000000000000, 0.000000000000000000 ) ) ;
#1348 = CARTESIAN_POINT ( 'NONE',  ( 10.00000000000000000, 40.00000000000000000, -10.00000000000000000 ) ) ;
#1349 = CARTESIAN_POINT ( 'NONE',  ( 200.0000000000000000, 0.000000000000000000, -10.00000000000000000 ) ) ;
#1350 = ORIENTED_EDGE ( 'NONE', *, *, #593, .T. ) ;
#1351 = LINE ( 'NONE', #897, #1165 ) ;
#1352 = LINE ( 'NONE', #208, #534 ) ;
#1353 = ORIENTED_EDGE ( 'NONE', *, *, #1151, .T. ) ;
#1354 = CARTESIAN_POINT ( 'NONE',  ( 0.000000000000000000, 0.000000000000000000, 0.000000000000000000 ) ) ;
#1355 = EDGE_CURVE ( 'NONE', #1232, #201, #1394, .T. ) ;
#1356 = CYLINDRICAL_SURFACE ( 'NONE', #283, 30.00000000000000000 ) ;
#1357 = ORIENTED_EDGE ( 'NONE', *, *, #5, .T. ) ;
#1358 = VECTOR ( 'NONE', #430, 1000.000000000000000 ) ;
#1359 = CARTESIAN_POINT ( 'NONE',  ( 170.0000000000000000, 80.00000000000000000, -10.00000000000000000 ) ) ;
#1360 = CARTESIAN_POINT ( 'NONE',  ( 34.50000000000000000, 46.49999999999978684, 0.000000000000000000 ) ) ;
#1361 = ORIENTED_EDGE ( 'NONE', *, *, #1057, .F. ) ;
#1362 = AXIS2_PLACEMENT_3D ( 'NONE', #1369, #343, #680 ) ;
#1363 = DIRECTION ( 'NONE',  ( 0.000000000000000000, -0.000000000000000000, 1.000000000000000000 ) ) ;
#1364 = CARTESIAN_POINT ( 'NONE',  ( 34.50000000000000000, 46.49999999999978684, -10.00000000000000000 ) ) ;
#1365 = ADVANCED_FACE ( 'NONE', ( #152 ), #1194, .T. ) ;
#1366 = ORIENTED_EDGE ( 'NONE', *, *, #103, .F. ) ;
#1367 = CIRCLE ( 'NONE', #333, 11.00000000000001066 ) ;
#1368 = UNCERTAINTY_MEASURE_WITH_UNIT (LENGTH_MEASURE( 1.000000000000000082E-05 ), #1391, 'distance_accuracy_value', 'NONE');
#1369 = CARTESIAN_POINT ( 'NONE',  ( 170.0000000000000000, 80.00000000000000000, -10.00000000000000000 ) ) ;
#1370 = ORIENTED_EDGE ( 'NONE', *, *, #965, .T. ) ;
#1371 = PRODUCT_DEFINITION_FORMATION_WITH_SPECIFIED_SOURCE ( 'ANY', '', #751, .NOT_KNOWN. ) ;
#1372 = CIRCLE ( 'NONE', #1005, 10.00000000000000178 ) ;
#1373 = DIRECTION ( 'NONE',  ( 0.000000000000000000, 0.000000000000000000, 1.000000000000000000 ) ) ;
#1374 = ORIENTED_EDGE ( 'NONE', *, *, #1084, .F. ) ;
#1375 = EDGE_CURVE ( 'NONE', #550, #336, #573, .T. ) ;
#1376 = SURFACE_SIDE_STYLE ('',( #451 ) ) ;
#1377 = DIRECTION ( 'NONE',  ( 1.000000000000000000, 0.000000000000000000, 0.000000000000000000 ) ) ;
#1378 = ORIENTED_EDGE ( 'NONE', *, *, #25, .F. ) ;
#1379 = CARTESIAN_POINT ( 'NONE',  ( 79.99999999999998579, 0.000000000000000000, 10.00000000000000000 ) ) ;
#1380 = EDGE_LOOP ( 'NONE', ( #533, #468, #1374, #672 ) ) ;
#1381 = CARTESIAN_POINT ( 'NONE',  ( 159.0000000000000000, 80.00000000000000000, 0.000000000000000000 ) ) ;
#1382 =( NAMED_UNIT ( * ) PLANE_ANGLE_UNIT ( ) SI_UNIT ( $, .RADIAN. ) );
#1383 = EDGE_LOOP ( 'NONE', ( #793, #640 ) ) ;
#1384 = COLOUR_RGB ( '',0.7921568627450980005, 0.8196078431372548767, 0.9333333333333333481 ) ;
#1385 = CIRCLE ( 'NONE', #734, 11.00000000000001066 ) ;
#1386 = EDGE_CURVE ( 'NONE', #422, #370, #52, .T. ) ;
#1387 = ITEM_DEFINED_TRANSFORMATION ( 'NONE', 'NONE', #1051,  #1026 ) ;
#1388 = DIRECTION ( 'NONE',  ( 1.387778780781445676E-16, -1.000000000000000000, 0.000000000000000000 ) ) ;
#1389 = ORIENTED_EDGE ( 'NONE', *, *, #1057, .T. ) ;
#1390 = CARTESIAN_POINT ( 'NONE',  ( 130.0000000000000000, 50.00000000000000000, 0.000000000000000000 ) ) ;
#1391 =( LENGTH_UNIT ( ) NAMED_UNIT ( * ) SI_UNIT ( .MILLI., .METRE. ) );
#1392 = EDGE_LOOP ( 'NONE', ( #604, #102, #785, #863 ) ) ;
#1393 = VECTOR ( 'NONE', #410, 1000.000000000000000 ) ;
#1394 = CIRCLE ( 'NONE', #22, 11.00000000000001066 ) ;
#1395 = AXIS2_PLACEMENT_3D ( 'NONE', #467, #379, #929 ) ;
#1396 = PRODUCT_DEFINITION ( 'UNKNOWN', '', #403, #1033 ) ;
#1397 = APPLICATION_PROTOCOL_DEFINITION ( 'draft international standard', 'automotive_design', 1998, #330 ) ;
#1398 = LINE ( 'NONE', #939, #235 ) ;
#1399 = EDGE_LOOP ( 'NONE', ( #916, #387 ) ) ;
#1400 = DIRECTION ( 'NONE',  ( 1.000000000000000000, 0.000000000000000000, 0.000000000000000000 ) ) ;
#1401 = ORIENTED_EDGE ( 'NONE', *, *, #683, .F. ) ;
#1402 = CYLINDRICAL_SURFACE ( 'NONE', #1070, 10.99999999999999645 ) ;
#1403 = ORIENTED_EDGE ( 'NONE', *, *, #462, .T. ) ;
#1404 = EDGE_CURVE ( 'NONE', #1460, #904, #1458, .T. ) ;
#1405 = FACE_OUTER_BOUND ( 'NONE', #879, .T. ) ;
#1406 = CARTESIAN_POINT ( 'NONE',  ( 39.00000000000000711, 31.00000000000000000, -2.000000000000000000 ) ) ;
#1407 = ORIENTED_EDGE ( 'NONE', *, *, #214, .T. ) ;
#1408 = AXIS2_PLACEMENT_3D ( 'NONE', #260, #1316, #1431 ) ;
#1409 =( GEOMETRIC_REPRESENTATION_CONTEXT ( 3 ) GLOBAL_UNCERTAINTY_ASSIGNED_CONTEXT ( ( #1133 ) ) GLOBAL_UNIT_ASSIGNED_CONTEXT ( ( #1011, #221, #1249 ) ) REPRESENTATION_CONTEXT ( 'NONE', 'WORKASPACE' ) );
#1410 = CARTESIAN_POINT ( 'NONE',  ( 35.75000000000031974, 15.49999999999978506, -10.00000000000000000 ) ) ;
#1411 = ORIENTED_EDGE ( 'NONE', *, *, #323, .T. ) ;
#1412 = CARTESIAN_POINT ( 'NONE',  ( 181.0000000000000284, 80.00000000000000000, 0.000000000000000000 ) ) ;
#1413 = ADVANCED_FACE ( 'NONE', ( #270 ), #729, .F. ) ;
#1414 = DIRECTION ( 'NONE',  ( -0.000000000000000000, -1.000000000000000000, -0.000000000000000000 ) ) ;
#1415 = ORIENTED_EDGE ( 'NONE', *, *, #124, .T. ) ;
#1416 = DIRECTION ( 'NONE',  ( 0.000000000000000000, 0.000000000000000000, 1.000000000000000000 ) ) ;
#1417 = LINE ( 'NONE', #956, #240 ) ;
#1418 = CARTESIAN_POINT ( 'NONE',  ( 181.0000000000000284, 80.00000000000000000, -10.00000000000000000 ) ) ;
#1419 = ORIENTED_EDGE ( 'NONE', *, *, #405, .T. ) ;
#1420 = EDGE_CURVE ( 'NONE', #258, #1247, #791, .T. ) ;
#1421 = DIRECTION ( 'NONE',  ( 1.000000000000000000, 0.000000000000000000, 0.000000000000000000 ) ) ;
#1422 = DIRECTION ( 'NONE',  ( -0.000000000000000000, -1.000000000000000000, -0.000000000000000000 ) ) ;
#1423 = PLANE ( 'NONE',  #711 ) ;
#1424 = ORIENTED_EDGE ( 'NONE', *, *, #1100, .F. ) ;
#1425 = LINE ( 'NONE', #296, #538 ) ;
#1426 = ADVANCED_FACE ( 'NONE', ( #218 ), #409, .T. ) ;
#1427 = MECHANICAL_DESIGN_GEOMETRIC_PRESENTATION_REPRESENTATION (  '', ( #1137 ), #1238 ) ;
#1428 = DIRECTION ( 'NONE',  ( 1.000000000000000000, 0.000000000000000000, 0.000000000000000000 ) ) ;
#1429 = AXIS2_PLACEMENT_3D ( 'NONE', #228, #207, #690 ) ;
#1430 = CYLINDRICAL_SURFACE ( 'NONE', #1463, 1.249999999999959588 ) ;
#1431 = DIRECTION ( 'NONE',  ( 1.000000000000000000, 0.000000000000000000, 0.000000000000000000 ) ) ;
#1432 = EDGE_LOOP ( 'NONE', ( #1258, #319 ) ) ;
#1433 = DIRECTION ( 'NONE',  ( 0.000000000000000000, 0.000000000000000000, 1.000000000000000000 ) ) ;
#1434 = VECTOR ( 'NONE', #1438, 1000.000000000000000 ) ;
#1435 = EDGE_CURVE ( 'NONE', #905, #654, #1174, .T. ) ;
#1436 = CARTESIAN_POINT ( 'NONE',  ( 65.50000000000041211, 15.50000000000010658, -10.00000000000000000 ) ) ;
#1437 = PRODUCT_DEFINITION_SHAPE ( 'NONE', 'NONE',  #1118 ) ;
#1438 = DIRECTION ( 'NONE',  ( 0.000000000000000000, 0.000000000000000000, 1.000000000000000000 ) ) ;
#1439 = ORIENTED_EDGE ( 'NONE', *, *, #1311, .T. ) ;
#1440 = DIRECTION ( 'NONE',  ( 1.000000000000000000, 0.000000000000000000, 0.000000000000000000 ) ) ;
#1441 = CARTESIAN_POINT ( 'NONE',  ( 159.0000000000000000, 80.00000000000000000, -10.00000000000000000 ) ) ;
#1442 = DIRECTION ( 'NONE',  ( 0.000000000000000000, 0.000000000000000000, 1.000000000000000000 ) ) ;
#1443 = ORIENTED_EDGE ( 'NONE', *, *, #784, .T. ) ;
#1444 = CARTESIAN_POINT ( 'NONE',  ( 10.00000000000000000, 40.00000000000000000, -10.00000000000000000 ) ) ;
#1445 = CARTESIAN_POINT ( 'NONE',  ( 159.0000000000000000, 80.00000000000000000, -10.00000000000000000 ) ) ;
#1446 = FACE_OUTER_BOUND ( 'NONE', #360, .T. ) ;
#1447 = DIRECTION ( 'NONE',  ( 1.000000000000000000, 0.000000000000000000, 0.000000000000000000 ) ) ;
#1448 = AXIS2_PLACEMENT_3D ( 'NONE', #1360, #1470, #656 ) ;
#1449 = ORIENTED_EDGE ( 'NONE', *, *, #973, .T. ) ;
#1450 = AXIS2_PLACEMENT_3D ( 'NONE', #88, #1465, #1254 ) ;
#1451 = EDGE_CURVE ( 'NONE', #3, #1145, #694, .T. ) ;
#1452 = LINE ( 'NONE', #118, #395 ) ;
#1453 = ORIENTED_EDGE ( 'NONE', *, *, #81, .F. ) ;
#1454 = DIRECTION ( 'NONE',  ( 1.000000000000000000, 0.000000000000000000, 0.000000000000000000 ) ) ;
#1455 = LINE ( 'NONE', #986, #44 ) ;
#1456 = LINE ( 'NONE', #633, #899 ) ;
#1457 = VECTOR ( 'NONE', #979, 1000.000000000000000 ) ;
#1458 = CIRCLE ( 'NONE', #908, 30.00000000000000000 ) ;
#1459 = LINE ( 'NONE', #671, #739 ) ;
#1460 = VERTEX_POINT ( 'NONE', #651 ) ;
#1461 = DIRECTION ( 'NONE',  ( 0.000000000000000000, 0.000000000000000000, 1.000000000000000000 ) ) ;
#1462 = CARTESIAN_POINT ( 'NONE',  ( 0.000000000000000000, 0.000000000000000000, 0.000000000000000000 ) ) ;
#1463 = AXIS2_PLACEMENT_3D ( 'NONE', #499, #619, #385 ) ;
#1464 = EDGE_CURVE ( 'NONE', #787, #309, #1455, .T. ) ;
#1465 = DIRECTION ( 'NONE',  ( 0.000000000000000000, 0.000000000000000000, 1.000000000000000000 ) ) ;
#1466 = DIRECTION ( 'NONE',  ( 0.000000000000000000, 0.000000000000000000, 1.000000000000000000 ) ) ;
#1467 = CYLINDRICAL_SURFACE ( 'NONE', #1117, 11.00000000000001066 ) ;
#1468 = ORIENTED_EDGE ( 'NONE', *, *, #186, .F. ) ;
#1469 = DIRECTION ( 'NONE',  ( 1.000000000000000000, 0.000000000000000000, 0.000000000000000000 ) ) ;
#1470 = DIRECTION ( 'NONE',  ( 0.000000000000000000, 0.000000000000000000, 1.000000000000000000 ) ) ;
#1471 = ORIENTED_EDGE ( 'NONE', *, *, #1004, .T. ) ;
#1472 = FACE_OUTER_BOUND ( 'NONE', #1392, .T. ) ;
#1473 = EDGE_CURVE ( 'NONE', #183, #649, #120, .T. ) ;
#1474 = PRODUCT_DEFINITION_SHAPE ( 'NONE', 'NONE',  #1485 ) ;
#1475 = DIRECTION ( 'NONE',  ( 1.000000000000000000, 0.000000000000000000, 0.000000000000000000 ) ) ;
#1476 = ORIENTED_EDGE ( 'NONE', *, *, #1464, .F. ) ;
#1477 = CLOSED_SHELL ( 'NONE', ( #652, #845, #1426, #1365, #1250, #552, #665, #363, #95, #716, #295, #1031 ) ) ;
#1478 = DIRECTION ( 'NONE',  ( 0.000000000000000000, 0.000000000000000000, 1.000000000000000000 ) ) ;
#1479 = ORIENTED_EDGE ( 'NONE', *, *, #1084, .T. ) ;
#1480 = ORIENTED_EDGE ( 'NONE', *, *, #1404, .F. ) ;
#1481 = CIRCLE ( 'NONE', #511, 1.250000000000001110 ) ;
#1482 = EDGE_CURVE ( 'NONE', #1132, #230, #1008, .T. ) ;
#1483 = UNCERTAINTY_MEASURE_WITH_UNIT (LENGTH_MEASURE( 1.000000000000000082E-05 ), #1272, 'distance_accuracy_value', 'NONE');
#1484 = NEXT_ASSEMBLY_USAGE_OCCURRENCE ( 'NAUO1', ' ', ' ', #170, #853, $ ) ;
#1485 = NEXT_ASSEMBLY_USAGE_OCCURRENCE ( 'NAUO2', ' ', ' ', #170, #1118, $ ) ;
#1486 = NEXT_ASSEMBLY_USAGE_OCCURRENCE ( 'NAUO3', ' ', ' ', #170, #1396, $ ) ;
ENDSEC;
END-ISO-10303-21;
